2,17,641,137,3,56,21.3125,2.0,3.5625,0
4,3,1698,229,2,17,10.0625,5.1875,18.0208333333,0
1,3,0,50,0,3,0.25,0.3125,2.52083333333,0
33,96,2763,90,1,22,15.4375,16.625,40.2916666667,0
13,1,1184,235,3,2,1.5,0.3125,2.375,0
49,16,2767,233,2,2,3.6875,2.3125,14.3541666667,0
13,10,2311,232,1,24,4.75,1.125,0.9375,0
1,1,150,51,2,7,1.5,1.625,4.47916666667,0
1,10,526,228,3,48,15.8125,3.1875,31.5625,0
1,38,1931,162,2,72,14.5,18.1875,40.3333333333,0
10,124,1634,156,0,114,40.125,31.625,72.7291666667,0
3,62,2905,199,4,108,47.1875,56.5,105.645833333,0
5,11,524,61,3,8,0.9375,5.6875,3.66666666667,0
19,36,2556,126,1,2,8.125,12.75,29.0625,0
31,27,2172,236,4,33,13.375,14.875,71.4375,0
8,21,515,145,0,19,0.6875,3.9375,1.97916666667,0
12,13,1347,236,1,10,24.1875,16.3125,52.9166666667,0
17,29,1286,181,3,29,8.875,5.625,23.2083333333,0
4,48,1837,49,2,62,28.625,16.25,53.625,0
1,2,217,142,0,5,1.5625,0.625,2.0625,0
14,3,428,176,4,7,4.5,4.5,7.83333333333,0
13,101,1391,88,0,26,15.125,38.3125,77.5208333333,0
3,27,6538,246,2,183,91.6875,42.4375,251.604166667,0
30,5,780,122,2,31,20.625,0.5625,25.8333333333,0
3,2,1545,125,2,43,3.9375,16.75,56.9583333333,0
1,15,478,158,2,17,15.75,0.5,33.1041666667,0
20,27,1384,166,2,54,44.5625,21.5,139.1875,0
24,3,2560,186,2,31,2.125,13.5,18.3125,0
22,65,5811,180,3,91,38.1875,40.3125,94.4166666667,0
0,13,39,177,2,7,17.0625,0.0,40.4375,0
3,2,21,123,2,41,7.25,0.6875,11.9166666667,0
6,4,586,131,3,13,2.1875,2.9375,3.16666666667,0
15,16,1178,90,2,36,1.375,3.5,10.6458333333,0
3,18,1646,136,2,33,13.6875,14.625,21.8958333333,0
7,34,470,194,3,19,9.3125,16.125,57.6458333333,0
21,49,96,125,0,9,3.5,4.5625,17.5625,0
6,12,915,105,2,44,18.6875,17.75,52.0,0
11,43,286,178,3,23,3.625,7.1875,3.375,0
7,9,321,108,3,59,36.8125,15.125,65.5,0
7,36,2392,123,0,51,4.0625,2.9375,34.5833333333,0
9,31,3420,171,2,24,16.75,9.875,66.1666666667,0
24,20,1924,125,4,46,19.625,5.4375,0.333333333333,0
8,14,667,84,4,15,3.75,5.0625,1.58333333333,0
5,17,361,208,4,29,39.0,34.9375,118.75,0
3,25,1072,161,2,19,30.375,28.0625,89.3958333333,0
7,2,1098,93,1,1,0.0625,0.0625,0.833333333333,0
2,6,3236,186,4,127,35.3125,31.8125,63.0416666667,0
6,30,1845,132,3,14,3.1875,17.375,34.4166666667,0
58,25,3456,187,1,94,11.0,13.1875,33.4375,0
8,67,734,94,1,25,11.625,27.375,3.79166666667,0
0,7,506,77,1,25,4.75,10.6875,20.3958333333,0
0,7,299,162,2,7,1.6875,3.8125,8.95833333333,0
11,15,1156,97,3,22,5.3125,9.0625,13.1666666667,0
2,6,741,193,2,2,0.875,8.0,18.2083333333,0
3,12,10,118,2,10,6.4375,3.5625,13.2708333333,0
21,1,710,99,3,0,4.0625,4.875,12.8541666667,0
4,26,151,147,4,88,23.5625,51.0625,125.083333333,0
8,4,1010,110,2,15,7.0,6.4375,9.41666666667,0
16,24,177,142,2,3,2.375,8.375,15.9375,0
2,27,1503,100,0,24,3.125,0.8125,0.291666666667,0
6,10,1005,210,4,15,17.5625,15.4375,39.6875,0
2,9,105,92,2,2,1.625,1.1875,3.22916666667,0
2,58,1712,110,2,9,23.8125,11.125,44.7291666667,0
13,3,623,202,0,21,2.125,5.3125,5.0,0
14,13,1717,136,1,22,10.8125,9.6875,24.5208333333,0
4,2,374,207,2,55,6.625,5.375,17.3958333333,0
2,24,884,104,4,23,13.1875,7.8125,18.3541666667,0
29,4,903,135,3,19,22.4375,17.125,46.4375,0
1,2,829,224,1,1,1.25,1.3125,14.0833333333,0
3,10,128,192,2,4,1.5,6.1875,14.8958333333,0
8,47,1183,96,1,2,1.75,4.4375,14.125,0
1,8,29,174,4,4,2.0625,1.0625,9.54166666667,0
4,24,619,127,3,0,3.4375,3.25,7.89583333333,0
9,17,3974,140,2,90,23.5,35.1875,60.5208333333,0
6,19,236,134,0,2,0.3125,6.75,13.0625,0
1,2,144,227,2,5,5.625,0.6875,7.04166666667,0
9,13,1361,105,0,41,7.0,7.375,9.02083333333,0
4,1,1238,242,2,1,8.0625,3.375,27.5,0
7,43,950,160,2,25,15.25,4.8125,12.7916666667,0
7,1,2807,255,1,1,0.5,7.6875,1.3125,0
7,11,1268,105,0,39,5.0625,7.25,4.8125,0
4,34,1109,192,4,82,5.0,1.375,5.72916666667,0
9,8,1598,97,4,17,16.75,15.125,37.6875,0
6,6,151,144,3,10,3.9375,10.9375,44.3333333333,0
110,7,4306,200,2,54,2.875,1.1875,27.1875,0
1,8,465,232,2,10,1.875,6.0625,19.3333333333,0
4,3,13,189,1,74,25.75,6.3125,59.8125,0
1,5,77,104,4,4,0.125,1.6875,1.5,0
1,5,1079,107,4,2,0.6875,1.125,1.375,0
2,0,35,127,3,29,9.625,8.25,17.7083333333,0
1,44,690,97,0,4,2.4375,3.3125,12.0833333333,0
8,10,638,230,0,14,20.8125,9.5,33.8958333333,0
7,5,1113,109,0,6,5.25,4.5625,10.2708333333,0
30,2,211,170,1,23,17.8125,12.0,24.8958333333,0
18,69,4496,115,1,10,18.75,13.6875,41.9791666667,0
32,3,3540,160,1,41,29.9375,21.375,52.8333333333,0
11,29,1692,103,0,83,16.375,26.5,48.6875,0
7,2,1204,190,4,40,5.5625,21.75,12.25,0
1,7,141,172,0,27,6.625,1.8125,20.25,0
26,5,815,212,0,109,4.4375,1.0,16.4791666667,0
0,33,67,31,1,0,0.5,6.3125,12.5,0
3,9,233,154,4,55,21.0625,18.875,73.125,0
1,0,318,147,0,5,11.125,8.1875,21.7708333333,0
21,15,1163,178,0,41,11.8125,11.5,23.6041666667,0
5,18,255,191,2,20,4.5625,1.3125,10.5,0
9,0,150,137,3,8,6.625,17.5,43.8958333333,0
86,35,4079,194,2,24,5.1875,6.3125,29.3541666667,0
22,42,2799,138,1,36,3.8125,2.4375,30.6875,0
3,8,571,81,0,1,0.5,0.125,3.10416666667,0
6,7,171,159,4,18,2.8125,3.875,6.625,0
3,1,564,185,0,78,38.25,13.375,90.7083333333,0
3,14,104,115,4,21,0.25,5.0,14.5208333333,0
1,3,60,86,2,20,3.1875,4.0,12.8541666667,0
0,26,50,35,4,3,0.1875,4.625,7.375,0
19,43,4456,121,2,35,19.6875,17.8125,48.4375,0
1,15,271,82,4,44,6.6875,10.4375,28.1875,0
12,39,4030,170,3,14,4.6875,12.3125,2.79166666667,0
0,68,451,174,3,30,8.8125,10.1875,34.1666666667,0
0,7,374,90,2,12,2.4375,9.5,30.0208333333,0
1,23,1168,147,2,38,1.375,1.8125,1.66666666667,0
17,14,2652,191,2,17,6.8125,22.875,7.85416666667,0
0,36,1082,96,1,18,5.1875,6.125,27.125,0
19,25,3743,123,1,14,14.0625,25.8125,41.2916666667,0
13,86,4007,110,2,32,29.125,23.625,91.9583333333,0
22,3,872,127,2,30,2.1875,9.1875,21.8541666667,0
0,20,432,84,0,11,0.375,0.4375,2.89583333333,0
0,11,892,88,1,27,20.8125,7.3125,36.375,0
9,39,2952,150,3,19,12.0625,26.5,15.2916666667,0
3,3,774,190,2,108,44.5625,1.6875,122.145833333,0
36,22,4174,203,3,124,27.5625,43.125,91.6458333333,0
44,6,2014,193,2,74,44.4375,39.375,83.6041666667,0
12,65,4005,128,0,22,50.6875,42.0,109.291666667,0
1,5,530,92,3,70,13.125,0.0625,42.5416666667,0
6,20,898,175,1,102,21.0,42.75,92.0416666667,0
22,97,1702,194,3,59,5.3125,13.875,70.0208333333,0
4,1,560,253,2,92,0.8125,6.5625,47.2916666667,0
4,3,2990,138,1,6,12.5,8.625,12.7708333333,0
20,31,170,233,2,47,8.375,27.75,35.0,0
2,15,100,70,1,15,3.6875,0.125,1.97916666667,0
3,20,1461,211,1,7,1.375,1.5625,12.2083333333,0
17,12,232,75,0,0,4.9375,11.5,24.6875,0
6,15,988,219,0,15,4.25,1.5625,24.6041666667,0
9,3,704,83,0,2,9.0625,2.5625,9.95833333333,0
3,7,710,219,0,3,1.9375,1.25,20.1666666667,0
3,49,595,167,1,12,8.75,11.125,18.1666666667,0
1,9,851,219,4,1,19.125,15.6875,36.6666666667,0
14,30,2027,85,1,24,7.8125,4.5625,17.0416666667,0
5,20,427,62,3,3,0.1875,1.75,8.0625,0
1,45,831,121,1,3,6.0,4.0,0.708333333333,0
11,18,133,246,3,147,64.75,57.3125,161.833333333,0
30,29,1967,129,0,18,3.5625,9.0,6.0625,0
36,12,2882,201,4,46,11.125,6.8125,20.3958333333,0
6,1,359,244,0,35,35.0,27.3125,90.0208333333,0
4,79,1485,104,4,31,17.25,1.375,13.9166666667,0
9,7,199,205,4,8,0.1875,4.625,20.125,0
30,32,1535,130,1,5,2.75,8.3125,4.52083333333,0
33,21,2219,202,3,46,5.75,6.0,4.20833333333,0
13,17,468,46,4,6,4.0625,10.6875,26.8958333333,0
5,8,381,61,2,1,0.0,2.75,13.75,0
27,31,2825,153,4,53,8.875,18.5625,51.8541666667,0
90,3,5339,133,1,12,21.25,10.375,10.25,0
5,8,470,78,4,13,4.6875,4.3125,2.02083333333,0
33,92,4515,109,3,83,43.25,24.9375,75.1458333333,0
18,4,504,207,1,19,18.25,17.6875,12.5833333333,0
23,7,403,217,4,21,9.625,6.5,33.6666666667,0
9,5,627,215,1,22,17.0625,24.5,58.9166666667,0
2,6,355,218,3,7,1.75,27.875,37.0416666667,0
45,18,2984,191,0,7,2.875,24.0625,9.85416666667,0
1,3,350,109,4,1,1.6875,2.5625,4.5625,0
53,37,9245,167,2,60,40.5,19.4375,61.4166666667,0
19,4,291,246,3,22,9.125,3.25,10.875,0
23,33,2141,78,4,19,5.1875,0.375,0.145833333333,0
6,1,526,250,3,60,13.5,2.0,10.6875,0
2,40,834,81,4,5,5.625,0.5,14.9375,0
4,1,516,227,4,15,27.8125,29.6875,12.6666666667,0
7,0,70,232,0,4,13.375,10.75,3.8125,0
53,4,737,227,4,11,0.625,16.6875,31.0833333333,0
21,1,1416,100,0,1,6.25,0.125,7.0625,0
5,45,1211,125,4,16,1.4375,8.25,17.9166666667,0
21,24,523,193,1,15,7.125,11.5625,36.2708333333,0
27,40,3789,186,0,13,13.125,0.8125,27.1875,0
69,47,3036,147,4,18,4.25,3.375,1.52083333333,0
8,5,325,116,0,4,1.0,0.6875,1.0,0
12,1,564,135,4,13,9.25,8.1875,21.4791666667,0
2,35,5532,176,0,117,60.375,62.5625,107.0625,0
3,41,6651,177,0,119,63.8125,69.0625,127.583333333,0
16,5,416,148,0,22,15.9375,0.8125,31.6041666667,0
33,8,82,153,1,27,5.25,3.0625,1.64583333333,0
73,21,1141,155,0,9,4.0625,1.0,11.6666666667,0
10,7,2858,172,0,47,25.4375,7.125,28.4166666667,0
6,119,4518,75,4,18,4.6875,8.75,45.625,0
30,4,2663,178,1,71,31.625,15.875,55.6666666667,0
21,50,2215,104,4,5,1.5625,9.1875,3.72916666667,0
9,5,2233,184,0,30,5.4375,1.75,13.625,0
5,107,4138,35,0,12,6.6875,6.1875,37.6666666667,0
92,15,4136,205,0,80,16.4375,6.0625,15.9375,0
2,45,565,198,3,46,14.6875,6.1875,20.0416666667,0
3,1,5639,211,4,101,29.125,49.5625,150.083333333,0
5,45,301,99,0,12,6.625,3.1875,8.41666666667,0
45,22,1576,178,3,61,16.5625,12.5,7.58333333333,0
45,14,5412,178,1,84,25.375,10.25,31.7083333333,0
126,15,5430,182,2,58,25.5,14.5,24.5,0
24,93,6184,197,3,112,53.5,56.9375,125.166666667,0
114,17,5219,184,2,51,32.6875,24.0,46.1458333333,0
148,5,7713,224,1,149,46.8125,47.125,123.354166667,0
34,21,3421,183,2,69,26.5,4.5625,24.7708333333,0
2,21,3058,134,2,12,6.125,2.9375,15.5625,0
24,6,729,228,4,19,20.9375,41.6875,100.5,0
162,12,7687,197,0,153,53.9375,38.875,97.875,0
6,8,1959,199,1,24,1.5,10.625,54.4375,0
23,12,1208,51,0,80,4.875,9.0625,7.3125,0
96,31,5017,151,0,16,16.4375,13.3125,28.7916666667,0
1,13,5535,191,0,13,9.1875,49.6875,38.0625,0
64,6,3961,172,3,54,31.25,18.6875,48.5416666667,0
16,3,899,205,4,15,6.0,1.5625,2.41666666667,0
111,25,5007,197,0,59,24.3125,3.4375,16.5208333333,0
7,9,742,222,1,10,3.6875,3.875,7.45833333333,0
4,5,109,238,4,11,4.3125,13.0,37.1875,0
3,10,40,237,2,15,16.125,5.625,24.5833333333,0
6,12,97,230,0,3,1.0625,3.8125,47.75,0
125,7,9362,219,2,153,50.0,26.75,79.6875,0
8,29,622,102,0,34,11.875,3.0625,38.8541666667,0
4,36,131,39,0,5,0.5625,0.4375,3.375,0
14,19,951,134,1,30,10.6875,15.4375,24.1041666667,0
44,12,987,222,2,63,25.3125,0.625,63.5625,0
72,7,873,232,4,62,14.625,8.4375,32.1458333333,0
8,15,3005,103,2,37,24.625,18.4375,53.9791666667,0
2,8,341,233,4,13,0.75,1.6875,3.85416666667,0
121,16,4579,219,1,3,8.375,23.0625,5.27083333333,0
117,13,6961,216,3,51,33.1875,40.8125,63.0833333333,0
19,3,833,85,1,12,10.875,20.5,6.95833333333,0
40,33,3769,84,3,48,30.75,37.8125,95.7916666667,0
1,4,767,57,2,4,3.25,13.5,9.27083333333,0
51,99,2884,90,1,43,36.3125,46.25,119.25,0
20,6,1071,116,2,27,2.1875,16.5,34.2083333333,0
7,9,771,76,4,3,1.6875,1.0625,11.5833333333,0
0,3,237,82,2,49,0.625,8.125,12.3333333333,0
6,8,518,86,0,13,0.3125,1.5,19.8541666667,0
1,61,1470,105,1,21,24.9375,5.75,35.875,0
8,49,1054,201,2,10,13.5,17.5,29.9583333333,0
7,2,444,210,4,98,5.5625,4.8125,6.375,0
22,15,284,220,4,65,8.3125,8.5,8.60416666667,0
53,37,2552,231,4,80,1.0,9.3125,5.27083333333,0
12,18,3563,169,0,85,19.625,26.0625,12.6875,0
47,33,3858,224,2,135,59.5625,40.4375,128.1875,0
76,13,4796,208,1,36,28.4375,32.8125,87.8541666667,0
6,1,1925,199,0,5,18.5625,34.1875,107.916666667,0
2,31,317,178,4,51,3.1875,1.5,5.33333333333,0
34,3,790,171,2,39,3.5,21.125,47.0416666667,0
29,7,715,172,0,36,17.3125,4.8125,38.25,0
37,18,160,164,1,31,1.125,0.25,11.9791666667,0
9,21,205,178,4,54,13.5625,9.1875,20.0833333333,0
28,29,492,179,4,42,26.125,1.75,26.8125,0
3,17,467,194,2,25,5.875,3.1875,18.5416666667,0
4,18,353,194,1,20,1.625,0.0625,2.54166666667,0
51,87,407,167,4,81,24.1875,37.125,94.2916666667,0
3,9,487,56,4,5,2.9375,0.1875,4.79166666667,0
0,6,372,60,0,17,6.5,5.5625,30.7291666667,0
44,2,2273,83,1,44,7.125,9.3125,33.875,0
7,18,460,119,0,0,0.8125,4.125,7.33333333333,0
6,3,262,74,0,48,11.6875,6.1875,14.9166666667,0
6,9,754,92,4,8,4.125,3.125,1.66666666667,0
11,31,3483,158,0,22,7.3125,36.5,79.0,0
29,3,925,142,0,55,7.125,7.25,6.35416666667,0
25,13,1600,145,0,75,18.0625,5.8125,13.3125,0
0,22,1776,161,0,51,7.5625,18.0,37.8125,0
16,1,2107,144,2,95,30.8125,8.3125,1.66666666667,0
0,7,850,48,0,72,17.0,20.4375,53.75,0
6,20,168,154,0,83,40.125,24.9375,94.1875,0
22,32,1722,149,0,82,11.5,2.75,14.75,0
4,2,1523,141,0,105,37.3125,40.875,78.4791666667,0
64,14,1760,172,3,53,32.6875,0.875,13.3125,0
2,37,3398,110,0,98,42.0625,55.375,106.520833333,0
40,19,4012,229,3,77,32.9375,52.5625,80.8125,0
2,51,1375,62,2,25,32.5625,26.5,71.8125,0
3,70,1176,141,3,1,11.1875,13.5625,57.8541666667,0
55,8,5360,223,3,46,18.125,11.375,0.395833333333,0
37,48,2844,142,2,111,48.0625,39.375,141.5625,0
10,50,1868,134,4,24,17.25,4.0,1.04166666667,0
34,69,3713,137,1,93,25.5625,24.125,48.7708333333,0
32,3,782,142,0,61,9.625,39.3125,44.7916666667,0
9,29,1616,191,0,40,29.125,19.6875,48.1458333333,0
6,26,505,34,0,19,8.6875,5.5625,11.625,0
7,23,21,149,0,23,1.0,4.5,17.8125,0
4,4,166,185,3,41,20.1875,2.8125,24.1666666667,0
8,50,2908,187,4,20,2.8125,11.8125,18.4791666667,0
4,18,1706,135,0,1,23.125,21.625,23.2291666667,0
7,11,631,103,0,23,13.125,5.0625,1.72916666667,0
138,4,3619,190,0,1,24.625,7.0,4.4375,0
6,55,7504,108,0,144,53.6875,47.25,139.916666667,0
25,14,3831,186,1,57,14.5625,21.0,45.8541666667,0
4,18,1620,188,4,151,22.625,47.625,124.0,0
3,3,1766,244,1,37,21.1875,2.1875,19.2916666667,0
57,32,2444,172,0,4,8.5,6.1875,18.7083333333,0
6,23,1105,106,0,3,2.9375,12.6875,23.9375,0
2,36,843,102,0,70,14.0,1.1875,14.4166666667,0
0,36,1041,176,0,12,0.6875,3.1875,1.83333333333,0
3,88,1285,237,0,56,17.75,39.8125,75.1875,0
6,3,2648,204,4,17,1.5,8.125,15.8541666667,0
9,4,372,160,0,34,10.625,8.5625,10.2291666667,0
14,46,1939,164,0,29,8.8125,10.5,3.97916666667,0
56,4,4049,248,2,29,21.4375,8.1875,17.2083333333,0
14,14,1545,93,4,20,5.5625,6.25,14.2916666667,0
53,2,5913,241,2,71,36.4375,23.125,40.3541666667,0
8,10,535,206,4,18,5.5625,8.875,34.9375,0
4,9,327,229,4,19,5.9375,19.5,14.5,0
2,8,182,142,1,19,1.0,8.4375,9.04166666667,0
7,22,754,165,0,32,12.5,8.0625,17.4583333333,0
18,10,2910,220,2,45,34.0,36.3125,90.1875,0
13,38,1245,193,0,38,14.25,13.3125,23.4791666667,0
11,11,65,207,2,35,14.25,20.1875,40.8125,0
35,6,2560,241,4,16,12.0625,9.5625,11.8125,0
2,102,6035,244,0,56,22.875,18.5625,64.7291666667,0
19,39,1984,122,3,30,10.5,15.875,43.9375,0
66,9,2689,188,0,16,9.25,1.6875,29.6875,0
8,5,665,98,0,3,5.0,5.4375,19.75,0
5,24,524,95,1,64,0.25,11.1875,4.52083333333,0
106,1,5118,195,4,41,25.5,26.8125,53.0,0
1,3,88,49,3,1,3.9375,6.9375,17.4791666667,0
1,19,794,103,1,7,15.1875,4.0625,73.4375,0
3,0,27,119,0,9,2.6875,5.4375,7.625,0
2,0,899,143,4,34,0.4375,6.375,19.0416666667,0
1,2,756,125,0,22,10.625,1.9375,19.3541666667,0
64,13,3963,137,0,10,3.3125,11.9375,38.3958333333,0
7,6,401,118,0,43,16.625,10.375,32.625,0
53,13,452,103,4,35,17.5,16.25,60.3958333333,0
52,10,125,103,2,10,3.5,9.375,11.9583333333,0
9,16,398,138,4,3,2.25,1.5,1.0,0
6,13,904,126,0,31,13.375,0.4375,1.52083333333,0
23,6,973,114,0,23,2.5625,3.1875,8.9375,0
18,11,475,100,4,19,1.75,2.0,7.25,0
1,12,1279,102,1,40,3.75,3.1875,25.7916666667,0
16,22,2283,91,0,66,15.0625,0.0625,36.3333333333,0
11,10,539,184,1,14,7.375,2.875,31.375,0
6,49,748,162,0,9,12.125,12.5625,43.5833333333,0
4,19,552,178,3,17,16.3125,7.4375,41.3958333333,0
8,44,835,164,1,12,31.6875,11.0,81.25,0
16,11,3275,211,4,95,30.5625,25.125,97.2083333333,0
48,43,441,220,0,78,6.9375,12.25,39.8958333333,0
34,41,2954,196,2,127,48.0625,9.625,64.3541666667,0
154,3,7397,252,0,46,20.5625,19.8125,29.4166666667,0
2,14,53,75,1,101,2.125,3.3125,14.75,0
229,1,12635,253,2,218,94.25,51.9375,178.395833333,0
11,89,3893,176,0,40,3.25,12.1875,25.25,0
25,0,1423,253,0,25,15.25,19.125,21.3541666667,0
1,13,230,61,0,54,13.25,2.625,25.7083333333,0
13,22,2383,70,0,28,2.625,16.5,30.0,0
21,2,525,244,2,15,1.9375,7.5625,8.0625,0
10,0,381,239,3,1,4.0625,8.6875,3.1875,0
3,1,169,242,4,18,4.6875,2.1875,17.3125,0
6,0,605,140,4,3,27.375,27.625,96.375,0
18,1,3969,244,2,47,8.625,2.0625,28.2083333333,0
11,2,197,246,3,7,1.1875,4.5,7.16666666667,0
1,0,29,181,0,22,16.25,46.1875,151.9375,0
29,10,613,206,4,77,26.5,11.1875,38.5625,0
76,7,1272,220,2,105,51.1875,23.3125,88.2083333333,0
12,12,591,223,0,26,0.6875,20.0625,11.875,0
13,7,2294,174,4,34,33.375,5.6875,56.0208333333,0
17,14,1154,202,0,67,23.8125,14.9375,66.2083333333,0
4,9,55,168,0,44,11.9375,1.0,40.4791666667,0
4,4,70,123,0,8,6.9375,6.6875,29.5625,0
58,14,4349,212,1,48,16.0,14.5,32.7916666667,0
13,6,1645,124,0,58,29.1875,10.375,98.2708333333,0
10,34,4601,207,0,42,1.4375,18.4375,25.2083333333,0
17,15,6529,159,0,49,9.0,13.75,2.875,0
39,2,3216,110,4,21,0.5,4.3125,6.04166666667,0
20,4,2674,247,0,11,5.875,0.8125,2.91666666667,0
4,33,4069,243,0,9,2.5,1.0625,29.0208333333,0
1,14,9,74,2,5,0.3125,1.625,1.52083333333,0
6,2,296,75,4,1,0.875,3.8125,3.47916666667,0
6,14,215,68,1,16,3.75,2.875,0.666666666667,0
5,11,634,58,1,39,11.0625,3.125,21.625,0
94,5,2486,200,3,19,2.1875,9.5625,38.75,0
151,10,2145,233,3,150,27.6875,3.875,33.5416666667,0
90,0,1016,234,0,49,6.8125,2.6875,52.0625,0
11,0,494,218,4,46,30.6875,18.9375,100.875,0
136,3,5835,215,0,79,2.8125,0.3125,15.0416666667,0
50,4,2858,205,1,14,20.875,17.625,58.1666666667,0
17,9,1234,185,3,1,0.125,8.75,13.8958333333,0
14,40,890,178,0,106,32.5625,32.875,72.8125,0
16,65,890,143,0,13,7.6875,5.4375,23.375,0
84,54,8081,203,0,12,12.8125,24.0625,16.875,0
0,45,99,195,3,27,13.0,22.375,3.97916666667,0
2,42,7134,184,0,120,37.0,38.5625,114.208333333,0
4,1,1917,208,0,26,10.4375,5.0625,7.58333333333,0
5,83,3744,171,4,21,7.1875,10.0,34.8541666667,0
16,76,4120,177,4,3,17.3125,2.8125,4.33333333333,0
9,22,1224,247,0,67,21.5,36.0,84.0625,0
11,116,4095,205,0,18,14.375,7.5625,26.5,0
18,0,587,112,1,76,14.375,27.75,55.8541666667,0
73,13,3744,213,0,29,2.875,18.9375,3.6875,0
27,27,2168,140,1,26,22.9375,6.5625,50.2291666667,0
18,54,4374,226,0,3,5.125,5.25,6.625,0
2,40,1505,79,0,26,11.625,12.125,39.2083333333,0
8,8,450,99,4,0,4.9375,0.25,10.875,0
14,94,2743,132,4,76,16.9375,18.4375,43.9166666667,0
22,9,3146,142,4,3,6.125,0.6875,0.604166666667,0
12,43,2625,152,0,31,5.1875,2.0625,5.16666666667,0
3,51,2688,159,0,13,8.875,9.625,23.5416666667,0
10,0,289,121,1,7,3.3125,3.8125,7.27083333333,0
28,1,1439,225,4,36,14.375,6.6875,42.2708333333,0
5,88,1215,167,1,49,10.25,7.8125,20.7291666667,0
17,17,236,218,4,38,15.3125,25.75,50.4583333333,0
22,55,631,126,0,30,12.125,7.1875,42.2291666667,0
4,6,385,121,0,5,3.0,3.0,5.5625,0
5,5,406,117,0,7,3.8125,3.125,7.70833333333,0
2,8,482,116,4,6,3.5,2.8125,7.1875,0
8,1,217,120,0,0,0.0,0.5,0.895833333333,0
1,0,24,122,2,1,0.125,0.0625,0.270833333333,0
3,2,133,121,0,1,0.625,0.9375,1.54166666667,0
1,1,155,119,0,3,1.5625,0.9375,3.08333333333,0
1,0,124,120,4,1,0.0,0.8125,0.770833333333,0
3,2,171,119,1,1,0.5,1.125,1.375,0
6,8,552,119,4,10,4.1875,2.5,0.958333333333,0
67,100,70,157,4,61,30.5625,21.75,44.6458333333,0
0,10,1131,50,0,22,14.0625,11.375,39.2708333333,0
28,24,2417,206,4,35,21.75,28.5625,55.7083333333,0
69,92,1029,128,0,72,43.4375,24.375,73.6666666667,0
6,6,477,123,0,14,22.3125,13.625,40.8541666667,0
5,6,529,117,0,9,4.875,4.3125,9.16666666667,0
3,4,463,116,4,6,3.125,2.875,6.97916666667,0
75,40,7225,214,4,6,9.25,1.1875,0.0416666666667,0
67,7,3965,244,0,25,17.3125,22.25,50.8541666667,0
43,52,6734,218,0,39,5.3125,8.8125,15.4583333333,0
6,82,1095,177,0,5,11.5625,9.375,19.7916666667,0
5,1,313,117,0,51,16.25,20.9375,48.7708333333,0
4,12,1018,111,1,6,7.0,1.5625,2.97916666667,0
42,13,3262,240,1,2,34.4375,14.4375,93.9583333333,0
44,13,2441,224,2,9,10.4375,0.1875,12.0625,0
37,21,3196,144,1,18,3.75,16.625,7.8125,0
16,32,3709,211,2,5,3.125,0.1875,8.75,0
25,61,5052,122,0,48,6.875,13.9375,13.5833333333,0
0,12,840,77,0,27,1.125,0.875,0.3125,0
3,26,117,95,4,4,3.125,1.5,2.95833333333,0
13,2,190,107,4,6,2.875,9.8125,17.0625,0
6,73,2199,129,0,68,25.4375,21.4375,50.3125,0
15,27,3032,135,4,19,7.3125,5.875,27.3958333333,0
17,19,338,150,3,9,6.25,0.1875,0.708333333333,0
17,46,2346,152,4,27,5.5625,5.4375,6.41666666667,0
12,26,2430,153,0,2,4.5625,5.1875,7.8125,0
9,22,938,112,2,13,7.125,7.875,21.8958333333,0
8,1,988,125,4,7,3.125,3.125,6.72916666667,0
2,0,702,126,1,2,1.75,2.25,9.875,0
39,0,1954,170,3,34,3.1875,0.0625,32.25,0
30,66,1462,183,2,1,2.0625,4.75,27.5833333333,0
24,10,263,190,3,26,22.0,5.875,54.75,0
35,61,287,193,1,19,4.375,3.25,19.4583333333,0
4,4,259,127,0,4,1.25,3.25,18.8333333333,0
3,4,287,123,1,5,2.5,2.1875,5.29166666667,0
4,3,243,120,4,4,1.875,2.125,4.04166666667,0
4,5,312,116,0,5,2.5625,2.375,4.27083333333,0
1,7,345,113,3,4,2.5,1.625,4.47916666667,0
8,3,355,121,2,3,1.6875,2.0625,3.04166666667,0
0,1,39,121,0,3,0.375,0.0,0.645833333333,0
0,0,29,122,0,0,0.1875,0.125,0.833333333333,0
0,1,36,122,4,0,0.375,0.5,0.979166666667,0
3,4,214,122,2,1,0.6875,0.625,0.729166666667,0
1,0,85,119,0,0,0.9375,0.75,2.02083333333,0
2,0,115,120,3,2,1.1875,0.625,3.0625,0
1,1,7,121,4,0,0.375,0.1875,1.22916666667,0
2,2,220,120,0,2,1.0,1.125,2.625,0
7,4,498,118,4,6,3.5,3.375,8.39583333333,0
3,96,969,120,4,6,2.8125,0.75,2.39583333333,0
44,108,1378,240,3,57,26.0625,11.625,46.4791666667,0
6,22,717,196,2,24,4.9375,12.375,19.875,0
5,21,161,214,0,1,14.25,9.3125,34.8125,0
47,15,88,215,3,79,32.9375,31.9375,70.0416666667,0
2,113,1224,126,0,5,1.5,17.625,25.9166666667,0
2,4,339,123,0,6,2.6875,2.6875,5.66666666667,0
7,3,301,119,0,1,2.125,2.5,4.8125,0
4,4,416,115,0,5,3.1875,2.625,6.8125,0
0,5,297,111,4,7,3.0625,2.25,7.66666666667,0
8,1,345,120,4,2,1.4375,1.875,2.1875,0
59,69,2161,141,4,62,27.5625,20.0625,38.2083333333,0
0,44,559,50,2,32,19.1875,5.4375,46.9791666667,0
0,7,1306,49,0,0,0.0,1.1875,0.770833333333,0
62,12,3966,134,4,75,32.1875,32.0,83.2083333333,0
30,121,1628,128,3,34,27.3125,25.0625,58.0416666667,0
5,6,411,126,0,11,14.5,14.0,42.5416666667,0
5,5,356,120,0,6,2.9375,3.0,1.14583333333,0
4,4,416,115,3,7,3.5625,3.375,7.33333333333,0
0,4,331,111,0,6,2.75,1.5,5.91666666667,0
7,2,316,121,4,5,2.1875,2.125,4.58333333333,0
2,2,75,119,0,1,0.125,0.1875,0.5625,0
0,1,29,120,1,1,0.25,0.0625,0.375,0
1,0,57,118,4,3,0.75,0.75,1.85416666667,0
2,3,159,119,1,3,1.375,0.9375,2.29166666667,0
2,2,116,116,1,3,0.625,0.8125,1.20833333333,0
2,0,37,114,2,1,0.375,0.25,0.1875,0
1,0,35,115,3,1,0.0625,0.25,0.8125,0
4,1,198,115,0,3,1.0,0.6875,1.77083333333,0
7,7,616,116,4,35,0.75,12.5625,15.8333333333,0
60,5,768,121,1,8,7.3125,40.5625,52.0833333333,0
13,4,4465,95,0,125,46.8125,25.0625,62.0,0
0,71,1054,50,2,4,16.875,15.3125,42.2083333333,0
0,18,207,49,0,0,15.75,19.6875,60.7083333333,0
7,72,4559,57,1,25,18.9375,44.75,54.1458333333,0
69,63,2933,252,4,166,79.875,45.875,143.104166667,0
7,48,1011,251,0,98,48.75,37.75,81.3333333333,0
5,39,547,128,0,74,6.1875,4.4375,13.375,0
6,9,531,116,0,67,29.1875,25.25,83.5833333333,0
1,5,282,110,0,119,31.9375,37.75,89.5416666667,0
9,1,328,118,0,3,0.25,2.25,6.33333333333,0
0,1,13,120,2,6,3.75,0.9375,6.70833333333,0
1,0,5,121,4,1,0.0,0.25,0.875,0
1,2,97,119,0,2,0.875,0.8125,2.75,0
2,3,178,119,0,1,1.0625,1.0,2.29166666667,0
2,3,125,115,1,1,1.4375,1.4375,2.66666666667,0
1,1,1,115,3,0,0.0625,1.125,0.583333333333,0
2,1,33,114,0,3,1.3125,0.625,1.75,0
2,2,158,114,1,1,0.25,0.75,0.166666666667,0
7,13,1172,254,2,0,8.25,19.4375,18.3541666667,0
61,4,3074,253,1,187,83.25,70.3125,149.770833333,0
5,176,5301,73,0,9,19.625,31.6875,68.3541666667,0
0,124,947,132,4,4,8.125,3.3125,11.7083333333,0
0,45,771,181,0,1,5.6875,0.8125,1.20833333333,0
4,86,5266,55,1,91,40.3125,47.8125,76.2708333333,0
111,0,9934,251,1,176,76.9375,51.375,166.333333333,0
52,59,7246,191,0,161,68.8125,61.0,170.520833333,0
1,19,828,128,4,53,25.6875,16.0,39.0625,0
5,6,1895,253,4,32,13.875,17.6875,38.5625,0
1,133,3748,248,0,11,12.25,9.1875,26.8541666667,0
1,5,263,170,2,87,5.875,7.5,6.83333333333,0
10,2,162,200,3,47,5.875,9.4375,19.8958333333,0
1,1,14,127,0,48,23.5625,24.3125,63.875,0
0,1,92,123,0,69,10.5625,13.9375,25.0208333333,0
2,1,183,121,3,30,3.5,7.0625,12.7083333333,0
2,4,217,119,2,81,11.4375,12.25,33.8958333333,0
2,2,88,115,1,5,1.875,1.25,10.7291666667,0
0,3,185,113,4,10,3.3125,3.375,8.95833333333,0
1,1,119,112,0,7,1.5625,0.4375,2.52083333333,0
157,1,2489,254,2,17,0.9375,19.4375,21.25,0
104,1,11871,242,0,88,45.9375,37.5625,90.8125,0
2,191,4256,67,0,89,32.3125,0.3125,46.0625,0
2,111,1872,59,2,9,31.4375,2.8125,23.1666666667,0
1,70,1540,57,0,13,32.125,17.75,48.3333333333,0
1,119,7343,67,4,154,68.3125,48.3125,131.979166667,0
100,1,8100,255,3,47,34.25,59.0,100.729166667,0
81,41,8078,248,0,81,41.875,39.125,126.041666667,0
3,91,2646,173,2,68,45.1875,50.0,84.7708333333,0
35,113,2865,127,4,47,9.25,17.0625,18.2916666667,0
12,42,77,158,4,31,15.25,16.8125,40.3541666667,0
25,72,2352,162,0,7,6.4375,16.25,37.8333333333,0
24,0,1265,199,4,39,28.0,5.25,9.875,0
0,22,2857,198,0,16,0.4375,5.5,24.0,0
25,30,2031,184,4,65,30.625,38.3125,94.2708333333,0
6,3,772,139,4,10,1.375,1.625,9.3125,0
1,28,1631,170,1,26,7.125,5.9375,12.0625,0
4,82,951,110,4,10,1.3125,0.75,4.04166666667,0
9,0,388,114,2,12,3.1875,2.1875,4.33333333333,0
2,3,282,102,0,20,6.1875,6.9375,15.6875,0
32,1,1377,237,3,6,19.375,23.875,49.8958333333,0
45,95,6858,161,0,53,10.25,14.8125,17.375,0
1,48,2452,60,0,45,37.625,23.3125,142.583333333,0
2,50,1823,217,2,107,59.3125,45.0,173.875,0
2,128,3044,168,0,106,45.75,60.4375,130.041666667,0
1,182,8669,170,4,87,34.8125,28.875,74.375,0
83,2,7711,192,0,23,24.75,11.0,34.5625,0
45,2,5419,255,2,124,25.875,5.5,22.0833333333,0
43,81,7733,189,0,58,3.1875,2.6875,16.2291666667,0
1,42,2041,177,4,5,3.4375,0.0,9.02083333333,0
4,55,2802,186,4,39,11.4375,1.125,29.5625,0
6,15,104,164,2,69,38.6875,28.4375,56.0833333333,0
36,36,3131,244,4,44,22.8125,23.5625,56.3333333333,0
4,34,397,221,0,50,27.6875,24.375,54.75,0
20,109,3542,215,0,71,35.0,28.4375,57.4166666667,0
0,30,200,97,2,39,23.8125,27.1875,66.9791666667,0
16,8,1067,100,4,18,6.0625,2.5,13.4166666667,0
6,2,35,104,4,9,1.875,2.3125,5.02083333333,0
4,7,483,110,0,10,0.6875,1.3125,1.3125,0
5,13,1037,100,0,19,8.375,6.75,19.375,0
62,18,3195,247,0,78,5.25,18.1875,26.0,0
49,42,5256,216,0,14,1.3125,4.8125,11.1875,0
1,19,564,215,0,84,34.75,31.6875,86.8958333333,0
13,14,5068,213,3,117,41.75,43.8125,109.0,0
18,62,8002,210,0,36,30.375,1.25,40.5208333333,0
38,16,5935,173,0,96,49.8125,49.375,108.3125,0
25,72,3046,176,4,16,9.75,0.25,43.5416666667,0
0,1,2528,137,0,18,15.5,5.375,23.9375,0
30,87,1421,138,4,23,17.75,16.5625,24.1875,0
4,8,137,159,0,62,25.3125,5.625,39.6041666667,0
2,8,67,135,0,7,0.5625,10.125,12.5,0
32,63,6172,191,4,3,8.75,4.4375,0.75,0
86,5,3133,250,3,74,32.6875,37.0625,84.5625,0
90,17,4264,245,3,43,14.5625,16.9375,36.5208333333,0
49,51,5654,223,0,11,2.8125,0.25,0.145833333333,0
4,85,3019,177,0,47,18.5,22.3125,45.4375,0
10,13,619,114,4,48,19.375,24.125,51.2291666667,0
0,3,355,113,4,16,8.625,7.8125,15.1666666667,0
7,2,283,116,4,5,2.1875,1.0625,1.52083333333,0
2,21,929,105,0,7,6.1875,4.375,14.9791666667,0
33,21,2632,246,0,40,9.9375,8.5625,9.22916666667,0
22,7,199,204,0,8,11.875,16.8125,30.0208333333,0
25,33,4552,233,0,33,12.375,8.875,17.875,0
52,41,6626,179,4,18,11.75,26.1875,34.5625,0
14,0,367,253,1,79,36.4375,37.0625,107.104166667,0
28,77,6631,224,0,54,32.0625,29.1875,75.4583333333,0
16,33,558,120,0,41,19.9375,23.375,43.6666666667,0
3,113,2251,105,0,3,0.8125,1.0625,1.72916666667,0
33,64,3217,169,4,1,2.6875,6.1875,11.9166666667,0
2,25,1820,138,2,25,8.0,6.0,13.125,0
4,23,647,32,0,12,7.1875,7.5,16.8125,0
13,2,168,42,3,0,0.8125,0.625,2.54166666667,0
1,0,102,36,2,1,0.5,0.8125,1.64583333333,0
13,2,1236,218,0,12,5.5,7.3125,25.7083333333,0
7,6,426,176,0,20,15.3125,20.3125,53.8333333333,0
14,1,131,183,3,36,5.9375,7.5,23.7916666667,0
5,4,117,187,4,10,4.6875,7.0625,14.4166666667,0
23,4,404,159,0,50,17.8125,15.8125,36.5833333333,0
5,1,275,122,4,11,2.3125,1.8125,3.5,0
35,16,2648,143,0,11,7.125,9.875,14.4166666667,0
34,1,257,108,0,36,10.3125,12.8125,25.2708333333,0
8,19,389,130,4,4,3.5,4.3125,6.02083333333,0
6,3,1203,160,1,12,7.375,7.25,19.5833333333,0
1,1,72,34,1,2,0.25,0.125,0.958333333333,0
7,2,313,88,4,60,6.375,7.375,28.9583333333,0
9,5,148,116,3,30,6.9375,12.25,26.7708333333,0
4,5,405,116,0,21,5.75,6.0625,10.9375,0
5,1,430,143,1,3,2.5,5.25,9.95833333333,0
5,2,108,121,3,4,9.25,5.5,16.2708333333,0
1,11,835,176,1,24,9.0625,7.0625,18.5208333333,0
5,7,463,177,3,19,3.0625,2.5,6.66666666667,0
2,15,377,176,2,6,3.5,5.4375,8.89583333333,0
28,2,674,193,0,29,6.3125,3.75,15.0625,0
55,18,1765,131,4,6,5.5,4.4375,20.6875,0
3,2,136,32,0,0,0.375,0.375,0.479166666667,0
10,8,410,90,1,16,1.4375,1.3125,2.8125,0
8,8,679,90,1,22,1.4375,5.25,6.25,0
9,16,205,98,0,1,5.9375,8.125,20.9166666667,0
7,6,546,82,4,34,0.25,2.125,11.2916666667,0
21,9,916,85,0,4,0.3125,2.0,4.5625,0
20,39,1751,98,4,73,13.75,10.0,8.9375,0
2,11,467,170,2,5,1.5,6.375,13.6041666667,0
3,5,1014,169,3,15,3.5,4.5,11.8958333333,0
9,22,1163,123,0,32,16.5,18.4375,38.75,0
2,49,1346,107,0,21,10.875,7.875,16.5625,0
1,1,60,30,4,1,0.5,0.5625,1.08333333333,0
5,8,1611,79,3,7,0.625,2.0625,0.604166666667,0
5,58,2044,172,1,72,14.375,7.375,43.9791666667,0
11,1,701,100,4,21,9.625,11.5,20.7916666667,0
34,14,1914,106,2,5,12.5625,7.75,22.5833333333,0
8,3,244,98,2,21,7.375,3.5,11.0833333333,0
16,14,717,96,4,1,4.0625,2.4375,8.83333333333,0
14,15,994,95,0,4,8.9375,3.0625,11.3958333333,0
6,15,1430,92,0,21,7.9375,0.25,2.125,0
13,39,256,73,0,32,3.625,4.4375,11.6875,0
35,4,475,119,4,26,12.875,11.3125,29.1875,0
1,3,24,30,3,2,0.5,0.375,1.08333333333,0
20,13,1759,116,0,8,0.375,0.1875,0.479166666667,0
3,43,1015,113,4,6,1.625,2.8125,2.5,0
25,3,936,142,4,4,3.0,3.9375,12.0208333333,0
3,2,511,150,4,2,3.625,3.75,5.3125,0
2,6,261,154,0,4,0.75,3.5,2.3125,0
16,6,353,160,4,10,3.5,0.5625,2.22916666667,0
11,4,418,172,3,53,20.4375,15.0625,27.3541666667,0
31,51,4397,105,0,5,3.375,7.9375,18.9791666667,0
0,5,132,79,0,9,4.6875,10.8125,21.1666666667,0
3,69,1922,144,2,18,1.5625,4.125,1.14583333333,0
1,0,62,30,0,1,1.25,0.9375,2.33333333333,0
47,4,4968,148,0,37,21.4375,24.75,50.7083333333,0
12,22,1359,71,3,20,1.875,3.125,6.29166666667,0
57,5,1979,133,4,25,4.5625,2.5625,3.16666666667,0
3,23,51,53,4,9,0.875,0.1875,1.54166666667,0
6,14,227,45,4,22,10.0625,2.875,17.5208333333,0
2,3,645,43,1,2,3.625,5.5625,5.375,0
1,12,188,59,1,13,0.75,2.25,1.625,0
3,6,1327,117,4,8,1.0,0.125,4.91666666667,0
22,21,2356,99,0,6,8.625,17.5625,38.7083333333,0
15,13,332,89,4,7,15.9375,13.6875,37.9375,0
0,48,1428,45,4,43,17.75,20.125,38.5416666667,0
8,22,1219,137,3,18,12.625,15.375,32.1666666667,0
9,3,836,151,4,19,6.8125,6.9375,15.0416666667,0
29,12,1132,167,2,0,3.125,3.0,6.5625,0
8,7,429,173,4,44,14.125,15.5,24.5833333333,0
35,9,3617,125,0,8,2.375,7.5625,15.9166666667,0
0,33,416,87,0,12,2.5625,0.125,0.8125,0
3,43,69,117,3,72,24.8125,18.0625,35.75,0
41,1,1912,162,3,99,40.8125,28.6875,65.7916666667,0
18,73,4046,47,0,4,2.8125,3.1875,8.22916666667,0
3,3,113,52,2,17,8.625,2.3125,14.5208333333,0
4,3,1372,80,0,9,7.4375,10.875,30.4583333333,0
14,14,1163,71,0,15,0.25,6.0,5.02083333333,0
2,1,431,140,2,31,12.4375,5.5625,26.3125,0
3,11,44,79,0,21,3.0,2.25,7.52083333333,0
0,20,88,80,0,36,7.25,3.1875,2.79166666667,0
5,29,1882,100,3,1,4.125,5.5625,15.5625,0
11,3,15,126,1,22,5.1875,5.9375,16.25,0
15,1,568,88,0,14,2.5625,0.75,4.35416666667,0
0,13,1388,159,3,57,18.0625,22.3125,46.9791666667,0
25,9,1045,130,0,18,9.125,6.6875,12.8125,0
4,9,1647,156,4,7,8.75,5.9375,14.9166666667,0
3,14,587,51,4,9,3.8125,1.25,0.25,0
8,5,1002,167,3,6,2.9375,3.75,10.2291666667,0
21,9,649,171,4,49,18.375,15.4375,25.4166666667,0
12,45,3753,98,0,21,5.1875,3.3125,8.33333333333,0
5,10,115,89,4,3,0.5,1.875,2.29166666667,0
8,48,1108,107,2,33,23.8125,26.6875,61.9166666667,0
37,14,809,171,3,14,5.9375,1.5,14.8333333333,0
12,103,4918,55,0,17,6.5,15.125,19.2083333333,0
4,1,203,52,4,3,5.0625,7.5,12.3958333333,0
1,0,112,80,0,14,5.0,0.125,4.77083333333,0
5,54,674,52,4,52,15.4375,13.625,29.4375,0
2,12,1092,110,2,13,4.9375,5.125,7.39583333333,0
13,31,848,144,1,14,7.5,3.75,19.0833333333,0
2,17,1541,112,3,13,4.5625,5.75,10.375,0
4,27,1225,141,2,14,3.5,2.4375,4.58333333333,0
5,6,212,149,0,2,4.875,0.4375,6.5625,0
5,5,145,145,0,5,1.375,1.75,0.520833333333,0
21,3,1475,152,0,10,1.3125,0.8125,0.0833333333333,0
33,18,1457,165,4,0,3.1875,1.1875,4.875,0
16,7,615,177,4,4,3.1875,2.75,7.0625,0
5,6,357,163,4,23,6.25,7.3125,16.6875,0
29,7,1774,132,2,40,19.375,17.625,31.625,0
0,0,15,45,3,8,5.4375,4.8125,14.9791666667,0
0,0,0,0,0,0,0.0,0.0,0.0,0
7,14,1592,87,0,33,4.6875,4.8125,4.375,0
12,5,296,85,0,21,3.625,5.4375,11.5,0
4,6,96,97,4,21,12.625,13.3125,30.375,0
35,21,2300,165,3,28,0.8125,3.75,8.0625,0
90,5,3180,172,1,97,34.5,23.25,50.2916666667,0
4,21,691,39,2,17,5.8125,12.6875,20.6666666667,0
6,0,869,62,3,27,13.0,17.0625,43.3125,0
6,56,2561,81,4,0,2.625,2.5,8.0625,0
15,5,2308,147,4,30,11.75,17.625,35.7916666667,0
15,17,1065,134,2,2,4.9375,3.1875,0.0625,0
0,0,0,0,0,0,0.0,0.0625,0.0208333333333,0
10,3,335,149,0,1,0.25,1.25,2.95833333333,0
5,9,398,146,1,3,0.8125,0.9375,0.333333333333,0
1,10,383,158,4,1,1.1875,2.5,3.16666666667,0
3,5,231,168,4,7,4.3125,1.75,5.29166666667,0
2,5,123,173,0,6,3.25,1.3125,5.04166666667,0
2,1,223,169,4,8,4.4375,3.625,0.145833333333,0
26,0,845,149,0,23,10.8125,19.625,33.6875,0
23,2,2255,111,0,27,13.0,16.625,43.2916666667,0
9,32,493,73,4,21,7.9375,1.9375,6.3125,0
3,8,278,100,0,23,11.25,0.1875,13.8541666667,0
0,7,169,0,0,0,0.0,0.0,0.0,0
11,13,81,102,3,4,8.5,8.875,11.0,0
20,22,2594,142,4,32,1.625,7.75,7.85416666667,0
12,5,627,153,0,10,4.1875,10.75,17.1458333333,0
4,101,4681,51,0,36,9.8125,12.125,17.7916666667,0
0,3,231,48,3,29,0.25,7.3125,4.02083333333,0
4,18,861,102,0,4,1.125,2.25,6.08333333333,0
14,23,64,81,0,7,5.1875,7.8125,22.3333333333,0
25,13,2947,104,4,55,28.625,15.5625,50.4166666667,0
0,1,1002,0,0,0,0.0,0.0,0.0,0
3,3,1275,30,4,0,0.3125,0.0625,0.229166666667,0
1,1,34,59,3,8,7.875,11.25,23.9375,0
0,1,100,59,1,0,10.1875,5.9375,16.6666666667,0
1,1,76,58,4,0,0.25,0.1875,0.416666666667,0
2,0,67,57,0,1,0.4375,0.4375,0.5,0
1,2,55,56,0,0,0.75,3.375,6.22916666667,0
0,0,33,45,0,2,3.5625,3.0,11.1875,0
0,1,22,91,1,16,6.4375,6.1875,14.7708333333,0
0,16,511,65,4,7,1.375,1.0625,3.70833333333,0
2,10,406,72,4,9,5.625,5.25,7.91666666667,0
3,16,593,66,0,12,6.5625,4.5,12.5208333333,0
1,8,653,71,2,15,7.0625,10.4375,17.9583333333,0
13,63,4859,168,4,45,22.875,18.9375,43.0,0
22,37,2238,155,0,31,14.75,16.625,36.6875,0
13,12,413,135,0,40,18.375,11.6875,24.4791666667,0
1,1,58,150,3,7,3.875,3.75,9.5,0
0,0,0,0,0,0,0.0,0.25,3.1875,0
0,2,32,44,0,2,0.4375,0.125,1.0625,0
0,1,1,0,0,6,0.0625,4.375,11.8333333333,0
0,0,0,0,0,2,0.875,0.0,0.8125,0
0,1,1,1,0,0,0.0,1.3125,2.22916666667,0
0,0,16,1,4,1,2.5625,0.5,3.25,0
0,17,115,22,4,71,34.375,26.0625,57.2916666667,0
1,13,1006,24,0,17,11.625,9.75,31.0208333333,0
0,3,1754,13,0,16,6.625,4.3125,4.47916666667,0
51,13,484,79,2,27,9.9375,12.5,25.7916666667,0
1,6,1813,146,4,1,5.5625,11.0625,22.875,0
28,1,910,157,2,4,1.25,6.5,10.2291666667,0
1,1,16,43,0,0,0.0,0.1875,0.0208333333333,0
14,2,1705,144,3,1,0.8125,1.75,1.29166666667,0
18,21,2006,126,4,22,10.8125,9.0625,29.4583333333,0
7,9,1726,142,2,14,5.25,3.25,18.4375,0
10,39,1813,146,4,38,18.125,14.3125,32.75,0
41,8,1182,195,4,28,11.6875,11.625,24.8541666667,0
23,11,1309,192,2,30,15.9375,13.125,28.0833333333,0
7,17,835,155,3,6,3.625,2.625,6.54166666667,0
12,3,394,156,3,5,1.5,2.375,7.02083333333,0
0,2,1284,126,0,1,0.875,0.375,2.95833333333,0
16,6,237,130,0,14,3.9375,3.625,10.0416666667,0
1,0,25,43,1,0,0.125,0.375,0.291666666667,0
0,7,1190,121,3,3,0.0625,2.3125,4.72916666667,0
0,10,642,135,0,2,0.25,1.8125,0.333333333333,0
5,13,1674,137,1,1,0.875,0.0625,1.9375,0
86,3,3577,158,4,13,3.4375,3.0,8.85416666667,0
12,13,622,177,4,1,2.25,4.375,8.04166666667,0
5,10,700,177,1,13,4.6875,4.1875,10.3125,0
27,13,1038,170,4,4,3.9375,3.9375,9.25,0
28,7,169,181,0,7,3.1875,1.0625,1.4375,0
5,8,612,172,0,2,0.875,2.0625,5.5625,0
3,0,210,182,0,1,1.0,0.5625,1.14583333333,0
1,1,81,42,0,3,0.3125,0.5625,1.625,0
2,4,178,182,2,3,0.75,0.5625,0.458333333333,0
2,5,584,193,3,11,6.0,5.375,12.7708333333,0
12,1,288,194,0,22,7.4375,7.25,14.7291666667,0
13,4,250,178,0,5,4.875,5.1875,10.9375,0
11,37,1742,158,0,3,2.0625,1.8125,4.8125,0
1,4,30,150,0,8,3.875,3.5,7.64583333333,0
10,5,411,132,0,2,0.6875,0.625,1.16666666667,0
2,4,121,151,0,4,1.125,1.625,3.35416666667,0
1,4,286,162,2,4,2.25,2.4375,5.47916666667,0
4,3,368,168,3,4,2.375,1.6875,5.64583333333,0
1,0,125,40,0,3,0.6875,0.6875,1.91666666667,0
3,2,0,163,0,2,0.3125,0.6875,0.770833333333,0
1,0,132,163,2,3,0.625,0.75,1.66666666667,0
0,1,29,165,4,6,3.6875,2.6875,6.35416666667,0
2,2,176,169,0,3,0.6875,1.1875,0.1875,0
2,2,195,174,4,8,1.9375,3.0,4.375,0
2,3,207,177,0,5,3.3125,2.625,7.625,0
0,2,145,176,0,9,1.4375,0.125,0.375,0
4,3,167,180,0,8,0.125,2.75,9.10416666667,0
1,3,122,189,3,3,5.1875,6.25,16.4375,0
5,3,396,207,3,9,7.875,6.125,8.79166666667,0
2,0,78,39,2,0,0.6875,0.5625,1.35416666667,0
14,11,1161,210,4,32,4.8125,4.25,7.3125,0
9,3,595,210,0,37,5.8125,2.375,7.3125,0
12,18,1355,212,4,16,2.9375,1.875,2.9375,0
24,19,1197,193,0,40,11.125,10.0625,12.5833333333,0
1,6,79,133,3,15,3.625,5.5625,14.625,0
14,2,463,126,0,16,12.5,8.375,22.6875,0
5,5,272,171,0,17,9.5,8.1875,20.2083333333,0
23,5,570,167,4,28,4.0,2.125,3.27083333333,0
23,17,598,199,2,8,6.4375,12.6875,26.9791666667,0
5,2,412,217,4,15,3.875,0.75,0.166666666667,0
4,6,431,58,0,14,8.9375,10.625,28.6875,0
0,3,2,6,1,0,0.0625,0.0625,0.645833333333,0
9,12,21,112,3,12,16.1875,3.1875,38.7083333333,0
53,41,1824,134,4,84,21.625,19.6875,41.0,0
8,10,650,157,1,9,0.1875,3.9375,4.58333333333,0
13,32,575,124,3,39,13.5,0.25,5.41666666667,0
81,4,2580,235,1,68,16.8125,15.5625,36.6458333333,0
3,1,294,219,1,25,5.3125,14.625,51.6666666667,0
115,4,2356,221,2,30,12.125,10.1875,9.375,0
5,1,17,230,1,10,5.25,18.5625,39.375,0
4,6,175,87,3,19,1.8125,10.0625,0.0625,0
30,5,3265,114,3,33,9.0,13.6875,30.0,0
25,15,3779,175,4,3,4.0,9.8125,16.9375,0
20,6,1615,85,4,3,9.875,1.1875,4.54166666667,0
40,10,1951,181,4,14,5.125,5.75,8.72916666667,0
3,5,421,175,1,7,10.875,18.375,39.0208333333,0
7,29,78,84,1,22,8.75,0.4375,14.4166666667,0
26,33,2171,134,4,13,1.875,2.875,1.625,0
0,2,1936,108,3,56,24.0625,24.3125,60.3125,0
1,45,393,7,3,3,3.125,7.875,10.4583333333,0
3,28,29,99,2,28,15.125,13.4375,59.1666666667,0
4,52,211,105,0,28,28.1875,20.625,51.8333333333,0
15,34,1404,179,4,15,2.75,2.625,9.77083333333,0
20,32,400,83,0,84,11.875,11.25,21.4791666667,0
26,12,1383,172,3,40,9.6875,6.125,7.9375,0
38,29,2982,151,0,42,19.3125,18.6875,79.3125,0
1,7,762,145,4,20,5.8125,11.3125,42.7083333333,0
3,2,687,85,4,35,1.5,6.0625,8.83333333333,0
2,12,2166,120,0,2,12.8125,11.5625,38.2291666667,0
31,24,3449,83,0,46,8.0,4.8125,9.45833333333,0
2,78,1259,25,1,8,6.1875,5.0,5.66666666667,0
5,11,580,79,3,56,20.5,16.625,43.0833333333,0
0,4,1140,61,4,1,10.375,7.3125,21.5416666667,0
0,19,95,16,3,27,0.1875,3.625,10.9583333333,0
0,0,0,0,0,24,4.5,3.1875,10.3541666667,0
43,20,5179,156,2,41,3.75,17.0,30.125,0
5,8,2374,90,2,48,24.75,16.5625,38.3125,0
10,20,352,147,3,9,4.875,12.875,21.6666666667,0
1,59,488,26,4,11,0.25,3.75,1.4375,0
2,22,460,18,0,41,12.125,19.9375,42.8541666667,0
6,15,1232,97,0,105,39.5625,34.125,92.4375,0
12,84,2358,93,2,1,5.875,2.9375,1.02083333333,0
0,14,862,174,4,46,49.125,43.1875,114.041666667,0
11,39,3664,161,3,42,17.8125,12.125,29.8541666667,0
0,9,98,124,4,1,7.75,14.875,2.97916666667,0
1,42,3073,13,4,23,9.25,0.6875,3.08333333333,0
2,21,731,80,1,38,17.9375,5.4375,6.5,0
15,47,545,147,1,38,12.0625,10.8125,40.2916666667,0
20,0,328,77,4,17,1.9375,8.0,20.5,0
30,45,3444,111,3,28,14.25,14.125,37.4375,0
15,1,194,173,4,1,14.8125,2.0,39.375,0
13,7,166,209,1,26,2.125,3.0625,18.125,0
39,11,2220,204,0,7,12.0,6.5,21.8333333333,0
1,4,201,162,1,86,16.0,5.9375,27.5625,0
5,33,425,111,0,13,9.625,8.75,34.8125,0
2,27,1361,123,4,3,9.625,11.125,31.2291666667,0
2,73,3204,126,0,35,1.75,2.5625,9.6875,0
20,4,1612,156,4,18,3.375,4.25,12.6666666667,0
6,2,851,145,0,22,2.4375,12.0,15.5416666667,0
10,41,2780,29,4,17,18.0,14.0625,59.8541666667,0
22,11,2311,85,1,8,11.8125,19.875,34.3333333333,0
0,17,2965,93,0,25,14.125,4.4375,19.2708333333,0
0,8,660,138,0,1,0.75,5.75,20.9583333333,0
24,30,2032,105,4,59,5.5,7.5,27.0625,0
22,5,438,182,2,12,3.0,19.25,39.0,0
12,65,2659,100,1,41,0.9375,10.0625,3.70833333333,0
0,24,1020,0,0,87,17.25,32.0,62.2708333333,0
18,27,4613,98,4,98,30.875,37.75,99.1875,0
7,26,2078,142,4,3,5.0,17.8125,39.5,0
17,25,93,118,4,4,6.75,3.0625,3.75,0
21,3,1334,192,4,26,15.75,11.1875,29.1458333333,0
83,14,2480,176,4,47,15.6875,13.8125,36.0833333333,0
22,9,360,197,2,10,3.125,1.25,1.0,0
27,11,870,182,0,6,2.125,0.3125,9.95833333333,0
6,3,356,196,4,12,3.5,0.9375,4.33333333333,0
8,9,280,175,0,3,7.5625,12.3125,36.3541666667,0
5,14,443,174,1,6,6.1875,8.5625,29.625,0
10,1,448,171,4,10,7.6875,0.8125,7.70833333333,0
50,4,1131,182,0,58,1.25,0.75,11.4583333333,0
7,21,2325,141,4,43,3.25,4.5625,5.5,0
20,2,1268,141,2,33,4.0,6.5,5.83333333333,0
24,29,1918,87,4,4,0.375,5.75,5.52083333333,0
4,14,322,23,0,14,1.0625,1.3125,11.6875,0
1,16,381,36,4,21,4.625,15.25,35.9791666667,0
9,21,530,45,0,2,2.8125,6.5,16.1666666667,0
12,41,250,55,1,17,10.9375,3.875,31.5833333333,0
14,14,1478,57,0,0,0.75,0.3125,8.39583333333,0
37,22,1317,69,3,4,0.25,3.0625,4.79166666667,0
12,4,914,126,1,103,42.9375,31.25,81.6875,0
36,28,1674,158,3,18,26.5625,14.8125,51.4166666667,0
10,30,775,113,0,64,28.25,25.625,67.1458333333,0
26,42,3745,205,3,13,14.75,21.25,50.0208333333,0
25,1,1364,215,3,16,4.25,13.6875,24.7708333333,0
3,0,38,226,0,1,1.5,0.8125,0.416666666667,0
6,1,215,218,0,8,0.3125,4.5,5.6875,0
8,16,897,213,4,16,4.75,0.0625,4.27083333333,0
5,0,582,187,0,12,11.4375,8.125,26.4791666667,0
11,9,553,178,3,17,4.5,8.5,1.64583333333,0
6,3,301,180,1,14,5.5625,0.25,2.85416666667,0
53,10,2045,198,2,12,3.75,9.25,19.1041666667,0
1,6,866,163,2,5,6.5625,9.625,10.0833333333,0
5,20,822,78,2,36,7.0625,1.4375,11.3333333333,0
11,30,880,100,0,36,0.3125,9.4375,5.64583333333,0
0,32,796,76,2,62,15.4375,18.375,49.7083333333,0
5,10,1010,52,2,21,0.1875,4.5625,14.125,0
0,9,115,35,0,16,0.6875,4.25,6.47916666667,0
0,2,147,116,1,57,1.9375,8.8125,17.9166666667,0
0,22,328,83,1,18,2.625,1.625,0.0208333333333,0
0,36,935,78,4,4,6.4375,4.25,13.3541666667,0
56,28,4065,134,4,18,2.4375,5.5,8.5625,0
2,29,2133,173,2,11,6.5,7.6875,35.3333333333,0
18,15,1204,197,2,24,0.3125,2.1875,15.625,0
0,1,62,9,3,5,1.0625,2.75,2.91666666667,0
0,2,6,1,3,0,0.0625,0.125,2.0,0
28,7,1893,224,3,3,6.125,1.0,7.27083333333,0
15,1,283,227,0,7,4.75,4.75,13.7916666667,0
13,5,23,222,3,16,1.1875,4.4375,1.60416666667,0
10,8,511,191,3,32,2.5,2.0,7.83333333333,0
6,9,194,188,3,7,0.25,5.8125,7.875,0
27,11,554,194,3,16,1.875,2.25,7.25,0
5,5,683,193,0,25,3.8125,8.25,22.6875,0
18,9,962,173,4,29,15.375,6.9375,38.2916666667,0
27,16,1206,156,4,38,9.875,9.1875,31.75,0
27,17,2070,100,0,25,4.5,9.75,8.35416666667,0
0,7,269,5,4,5,2.875,2.25,6.97916666667,0
0,33,385,8,0,15,2.6875,6.3125,3.41666666667,0
2,5,323,68,3,19,0.8125,4.3125,16.3333333333,0
12,11,1185,69,4,3,4.3125,4.8125,2.45833333333,0
2,1,48,153,3,100,19.9375,7.25,16.0833333333,0
6,19,757,102,4,122,10.125,4.8125,2.08333333333,0
7,0,744,112,0,9,2.625,7.0,12.8125,0
17,28,1852,144,4,21,5.875,12.625,0.583333333333,0
25,21,1045,165,4,20,11.0625,10.8125,29.8958333333,0
17,1,100,170,2,48,13.875,12.125,5.77083333333,0
48,20,1072,226,2,111,3.875,7.875,1.8125,0
7,15,743,21,4,10,5.125,5.6875,10.875,0
23,1,99,226,0,175,65.1875,60.1875,139.520833333,0
18,3,763,227,1,31,7.0625,4.4375,60.8125,0
0,7,309,200,4,16,19.75,0.375,46.8958333333,0
122,18,9451,176,2,2,22.75,4.6875,70.6041666667,0
20,6,70,173,0,91,33.4375,29.875,94.8333333333,0
65,17,2246,182,4,13,7.5625,1.1875,15.0,0
5,20,2129,199,0,25,11.5625,7.9375,53.5625,0
3,24,1722,174,2,14,4.1875,4.875,13.2916666667,0
16,28,2391,55,4,3,7.5,4.0625,8.85416666667,0
11,29,1169,101,4,43,0.8125,1.6875,7.6875,0
9,6,501,134,0,13,9.75,2.9375,13.9166666667,0
35,24,1758,164,4,4,7.9375,10.0625,14.6041666667,0
67,25,170,165,2,24,16.5625,3.625,8.75,0
25,0,751,180,1,2,10.4375,1.375,3.875,0
7,18,345,212,4,0,12.3125,0.875,13.25,0
0,0,106,39,0,16,9.0,3.3125,18.5,0
12,2,679,222,0,22,15.0625,2.3125,23.3541666667,0
18,9,242,220,4,50,14.375,8.375,19.7916666667,0
44,15,1518,195,1,54,14.875,10.8125,7.3125,0
0,7,958,108,0,2,14.8125,10.75,30.0416666667,0
5,41,635,135,3,43,3.3125,5.6875,1.9375,0
3,3,1009,131,4,101,32.5,20.75,72.4375,0
1,7,917,145,0,63,16.75,16.0625,51.3541666667,0
4,22,2007,54,2,32,17.5625,13.1875,39.4166666667,0
8,17,838,95,2,28,8.4375,13.75,27.5833333333,0
0,3,284,18,4,18,5.875,4.0625,11.75,0
1,16,1304,42,4,29,8.0,3.0625,11.8958333333,0
1,27,160,15,4,9,4.4375,5.4375,21.3125,0
5,18,382,24,4,38,7.4375,2.6875,9.77083333333,0
4,4,262,44,4,21,5.25,6.75,15.8125,0
15,5,189,86,4,10,5.0625,0.875,11.2291666667,0
14,14,768,113,1,66,15.6875,16.4375,36.2708333333,0
3,12,441,140,1,82,19.0,8.75,30.8958333333,0
25,2,901,197,1,6,9.9375,7.5,0.0625,0
0,14,1605,213,4,89,9.8125,12.625,34.1458333333,0
1,2,645,230,4,59,14.8125,2.25,14.625,0
17,6,2150,228,1,44,26.0625,25.9375,70.2291666667,0
18,22,2215,80,4,19,5.0,4.125,14.0,0
18,3,2363,209,0,19,5.6875,22.0,60.75,0
32,8,757,208,3,10,3.0625,1.3125,0.458333333333,0
18,5,1278,159,0,30,8.5625,17.25,49.0,0
30,4,1336,177,2,21,10.0625,0.125,6.22916666667,0
4,24,144,95,2,71,8.875,4.5625,21.0625,0
12,26,612,110,4,22,15.1875,9.0625,32.1041666667,0
15,29,222,87,2,25,19.625,11.8125,53.6041666667,0
2,40,1793,142,1,42,7.875,7.375,9.08333333333,0
0,7,370,23,4,1,3.875,1.0625,2.66666666667,0
4,48,1102,16,4,4,1.9375,3.0625,4.29166666667,0
44,28,2409,94,3,16,5.3125,7.6875,10.7083333333,0
2,0,87,38,0,13,4.0,5.75,12.0833333333,0
19,34,2330,101,3,6,15.25,13.0,34.2916666667,0
3,23,570,79,4,16,3.0,0.0625,4.83333333333,0
4,10,384,65,3,19,23.375,0.375,31.0208333333,0
6,15,1568,109,3,83,8.625,30.125,54.9166666667,0
18,5,3383,74,0,38,0.75,4.5,15.8958333333,0
17,26,3932,132,3,27,1.4375,8.75,0.666666666667,0
14,31,4501,172,2,63,2.1875,2.875,2.52083333333,0
49,5,6232,201,4,37,48.6875,36.625,90.375,0
53,4,179,223,1,3,4.3125,5.1875,12.5416666667,0
28,23,2595,168,4,30,13.3125,2.5625,35.125,0
135,12,6205,211,1,17,6.3125,13.3125,18.4166666667,0
23,1,110,189,3,23,6.0,3.5,0.354166666667,0
70,4,1294,178,0,5,0.625,5.5,17.2708333333,0
25,2,1186,172,4,18,1.0625,1.6875,3.9375,0
16,7,480,172,2,21,0.75,0.8125,2.60416666667,0
57,7,1075,157,4,20,3.75,7.9375,13.6666666667,0
30,7,1185,115,3,13,4.8125,3.625,0.3125,0
0,26,178,3,0,1,3.4375,2.875,10.4166666667,0
4,11,506,9,4,1,0.3125,0.75,3.79166666667,0
9,4,634,22,4,38,11.0,9.375,19.875,0
13,15,186,106,1,25,15.5625,17.3125,66.8958333333,0
2,37,1708,41,3,12,2.1875,4.375,7.33333333333,0
65,58,4946,117,4,39,19.625,18.6875,34.2916666667,0
4,3,970,153,4,4,4.75,5.6875,19.75,0
15,63,2826,143,4,38,26.5625,20.0,58.9791666667,0
79,21,2314,183,4,110,40.0,48.0625,110.020833333,0
21,13,2186,220,4,32,13.125,28.3125,54.1875,0
6,0,637,229,0,16,2.4375,2.4375,3.72916666667,0
6,2,234,226,0,5,9.25,6.5,7.5625,0
48,14,1646,221,0,54,15.8125,8.75,28.2083333333,0
77,11,1991,203,3,110,22.9375,9.0,25.6041666667,0
9,8,311,129,0,15,8.875,10.3125,32.5,0
40,9,2751,200,0,14,12.5625,13.5,43.4375,0
85,11,1411,184,4,35,5.625,5.5,22.4791666667,0
17,5,265,173,1,25,6.3125,7.0,21.9791666667,0
69,10,1730,173,4,28,0.4375,11.4375,20.1666666667,0
25,10,583,157,0,10,0.1875,0.9375,6.25,0
13,1,514,93,3,5,2.625,7.4375,15.5625,0
0,9,143,2,1,6,0.125,0.125,1.25,0
4,14,25,25,4,0,0.625,3.125,15.0833333333,0
9,52,1557,25,4,1,3.8125,10.875,15.1041666667,0
15,5,541,38,4,69,1.75,4.6875,6.20833333333,0
1,1,52,92,0,0,0.4375,0.3125,1.27083333333,0
1,2,91,61,2,3,0.875,0.5625,1.47916666667,0
69,2,1215,80,0,78,39.0625,27.875,68.9166666667,0
3,3,1435,144,2,0,1.0625,1.75,0.5625,0
119,2,6287,146,4,3,14.25,12.625,36.4166666667,0
6,2,23,150,3,129,62.125,35.5,108.895833333,0
39,33,45,234,2,35,16.6875,55.125,49.4791666667,0
22,42,1410,244,2,115,21.4375,34.875,68.125,0
6,10,1002,190,4,204,34.125,16.9375,63.1666666667,0
9,61,751,149,4,37,5.9375,17.25,15.0625,0
74,17,2625,213,0,110,11.9375,17.6875,46.7708333333,0
10,20,922,216,2,8,26.9375,8.875,51.3125,0
29,0,245,245,1,79,2.5,3.3125,20.4583333333,0
65,1,759,85,4,87,42.125,41.1875,106.583333333,0
79,3,1073,243,2,142,45.125,33.3125,28.1666666667,0
2,105,5000,247,3,173,84.25,61.5625,229.9375,0
3,96,7505,236,4,23,49.5625,45.75,89.0,0
24,8,2403,92,0,165,66.6875,88.75,260.666666667,0
1,34,3677,42,0,213,87.125,71.4375,202.979166667,0
0,1,1,215,2,178,82.1875,33.25,198.020833333,0
0,15,5460,245,2,235,109.6875,75.9375,275.833333333,0
0,1,2,35,4,194,61.4375,5.6875,96.8958333333,0
1,4,2976,244,1,223,68.8125,74.8125,182.395833333,0
0,135,3107,14,4,233,67.5,34.75,46.3541666667,0
1,2,129,88,1,1,0.25,0.3125,0.6875,0
40,149,14162,171,0,215,89.0,61.9375,225.645833333,0
34,223,16162,223,4,132,73.25,49.5625,181.479166667,0
1,10,1118,19,0,10,12.625,7.25,27.0833333333,0
21,4,11859,234,1,204,81.875,83.5,219.645833333,0
0,18,874,63,0,27,12.3125,40.1875,36.4375,0
10,13,2991,200,4,73,17.75,25.5625,3.0625,0
20,13,10806,240,3,4,22.125,1.5625,70.3333333333,0
7,1,1889,29,1,0,14.75,7.25,54.0416666667,0
34,11,6415,236,2,88,30.1875,14.75,33.5,0
7,167,3708,29,0,0,0.3125,9.8125,16.9375,0
0,1,4,89,2,2,0.0625,0.0625,1.35416666667,0
2,4,515,73,0,71,47.5,34.25,114.291666667,0
0,33,31,6,0,0,0.0,0.0625,0.0208333333333,0
132,4,3161,224,4,213,102.75,105.125,222.375,0
2,88,3729,137,3,8,1.0625,2.3125,3.04166666667,0
2,19,5056,142,1,1,1.25,0.875,0.583333333333,0
4,22,1093,220,0,62,24.9375,9.0,57.0833333333,0
1,0,5402,180,0,2,0.25,0.75,2.6875,0
0,11,204,7,0,9,2.375,6.9375,5.22916666667,0
179,8,13452,232,4,17,0.125,10.6875,18.9375,0
2,58,800,20,0,0,0.375,4.125,8.45833333333,0
0,1,65,92,2,3,0.75,0.8125,1.5625,0
3,170,9189,20,4,3,12.9375,1.1875,11.7708333333,0
1,135,4172,55,4,29,10.5,12.75,28.5,0
0,193,2343,1,0,0,0.0,0.0,0.0,0
27,114,311,85,0,0,2.5,2.6875,8.10416666667,0
0,51,4002,153,4,142,66.875,65.75,127.854166667,0
0,55,2114,104,0,116,58.5625,59.4375,132.666666667,0
65,5,6132,92,0,0,11.25,2.5625,10.3125,0
0,14,66,0,0,0,0.0,0.0,0.0,0
0,24,8582,200,4,199,98.5625,58.0,213.354166667,0
115,17,10372,237,3,173,84.9375,49.1875,125.395833333,0
1,1,24,94,1,2,0.25,0.25,0.0416666666667,0
0,10,352,31,0,1,2.0,1.5,5.0625,0
18,198,5136,30,0,5,2.3125,3.0,0.0416666666667,0
11,1,215,93,0,37,5.1875,1.875,10.3125,0
0,4,93,1,0,0,0.0,0.0,0.0,0
0,13,1370,172,2,0,0.0625,1.4375,3.5625,0
0,2,27,0,0,0,0.0,1.1875,2.33333333333,0
0,40,1113,1,0,1,4.125,5.6875,19.875,0
22,7,1560,48,4,1,5.5,4.0,0.625,0
0,0,0,0,0,0,0.0,0.0,0.0,0
0,0,6,0,0,0,0.0,0.0,0.0,0
1,0,16,91,4,53,9.4375,0.4375,8.85416666667,0
0,8,256,48,1,1,5.9375,3.8125,18.4166666667,0
0,1,3,0,0,0,0.125,0.25,0.5625,0
0,0,0,0,0,0,0.0,0.125,0.229166666667,0
47,119,7545,73,3,2,6.9375,2.1875,10.7916666667,0
58,155,7961,171,1,3,19.9375,7.6875,16.6458333333,0
0,13,82,10,3,1,1.375,3.625,7.97916666667,0
0,5,413,15,0,20,1.0625,1.875,1.10416666667,0
99,2,8510,200,1,10,14.6875,12.875,44.0416666667,0
14,182,11582,118,0,14,12.9375,15.375,33.875,0
0,6,22,12,2,0,0.25,0.4375,1.04166666667,0
0,1,42,94,1,0,0.1875,0.1875,7.1875,0
6,4,442,18,0,5,2.3125,1.375,2.22916666667,0
0,1,112,17,0,16,4.625,3.875,11.1458333333,0
0,0,0,0,0,0,0.0,0.0,0.0,0
0,0,0,0,0,0,0.0,0.0,0.0,0
0,61,1855,0,0,24,9.3125,5.8125,21.3958333333,0
21,1,1348,34,0,10,3.5,0.25,4.10416666667,0
0,3,7,0,0,0,0.0,0.0,0.0,0
0,0,0,0,0,0,0.0,0.0,0.0,0
0,0,0,0,0,0,0.0,0.0,0.0,0
0,185,10338,209,4,186,92.875,92.0,185.833333333,0
0,0,25,95,2,0,0.5,0.25,0.5625,0
16,11,4658,201,2,3,7.25,4.5625,29.0625,0
0,5,0,1,2,2,0.125,0.1875,0.291666666667,0
0,10,169,12,4,1,1.3125,2.3125,5.85416666667,0
0,4,302,21,4,4,1.5,0.75,2.04166666667,0
5,8,460,20,0,4,1.4375,0.75,1.77083333333,0
9,52,1658,40,4,14,8.3125,7.6875,17.3958333333,0
15,6,736,44,0,9,4.3125,1.375,0.979166666667,0
0,96,1655,26,0,72,33.0625,25.625,77.1458333333,0
0,4,20,0,0,0,0.0,0.0,0.270833333333,0
0,3,53,1,4,0,0.0,0.0625,0.0,0
2,0,116,111,0,2,0.1875,8.375,15.6041666667,0
1,7,419,8,3,8,3.5625,1.0625,3.60416666667,0
0,0,0,0,0,0,0.0,0.0,0.0,0
0,0,0,0,0,0,0.0,0.0,0.0,0
0,39,1152,0,0,0,1.0625,0.0,2.04166666667,0
15,2,212,40,2,3,4.375,3.6875,9.91666666667,0
0,5,16,0,0,0,0.0,0.4375,0.520833333333,0
0,0,0,0,0,0,0.0,0.0,0.0,0
0,0,0,0,0,0,0.0,0.0,0.0,0
80,195,12954,170,4,182,92.75,72.0625,181.083333333,0
38,22,1095,170,0,46,12.5625,12.3125,19.2083333333,0
1,2,86,61,3,5,1.8125,1.6875,4.95833333333,0
59,0,567,73,1,16,1.9375,11.4375,4.0,0
0,34,192,0,0,0,0.0,3.5625,6.29166666667,0
0,1,25,1,1,1,0.4375,0.6875,0.291666666667,0
0,3,174,15,2,1,0.0,0.625,2.10416666667,0
0,15,474,4,0,0,0.0,0.0625,0.125,0
0,4,878,13,4,18,9.375,7.5625,19.0416666667,0
4,6,209,21,0,6,0.3125,1.375,3.375,0
0,45,1265,0,0,16,8.125,4.3125,17.0,0
0,0,0,0,0,0,0.0,0.0,0.0,0
0,5,39,0,0,0,0.0,0.1875,0.354166666667,0
2,9,456,12,2,2,0.6875,3.8125,6.8125,0
0,8,544,5,4,7,1.4375,0.875,3.22916666667,0
0,0,0,0,0,0,0.0,0.0,0.0,0
0,0,0,0,0,0,0.0,0.0,0.0,0
0,0,0,0,0,0,0.0,0.0,0.0,0
0,0,0,0,0,0,0.0,0.0,0.0,0
0,0,0,0,0,0,0.0,0.0,0.0,0
0,0,0,0,0,0,0.0,0.0,0.0,0
0,0,0,0,0,1,0.125,0.0,0.270833333333,0
0,163,3884,3,1,0,0.0625,0.0,0.0625,0
0,33,2112,2,2,0,0.0,0.125,0.270833333333,0
0,53,277,0,0,1,0.125,0.125,0.4375,0
1,1,1704,74,1,40,23.25,4.0625,43.6041666667,0
0,2,87,1,0,0,0.0,0.0625,0.0625,0
0,4,25,0,0,0,0.0,0.0,0.0,0
0,0,0,0,0,0,0.0,0.0,0.0,0
0,17,334,0,0,0,0.0,0.0,0.0,0
0,1,195,4,3,0,0.0,0.0,0.0,0
0,19,423,0,0,0,0.0,0.0,0.0,0
0,0,0,0,0,0,0.0,0.125,0.1875,0
0,6,53,6,4,9,3.4375,2.8125,6.04166666667,0
19,4,2485,48,1,21,14.5625,24.625,31.6875,0
71,1,2118,83,0,2,0.3125,21.25,16.125,0
79,5,4811,89,2,86,43.6875,32.0625,80.7916666667,0
1,2,146,93,2,4,0.8125,1.3125,0.708333333333,0
2,1,108,95,1,2,1.25,0.5625,2.58333333333,0
1,1,87,98,2,2,1.625,6.25,10.2083333333,0
1,80,2459,23,1,2,1.1875,5.1875,3.77083333333,0
2,1,130,66,3,2,0.9375,0.375,0.1875,0
0,74,1205,10,2,10,0.625,2.25,0.541666666667,0
90,3,3184,104,4,98,50.375,49.75,115.0,0
2,0,106,107,0,1,0.3125,0.4375,1.33333333333,0
1,1,60,108,4,2,0.1875,0.25,0.270833333333,0
85,0,174,109,1,56,24.75,27.875,34.8541666667,0
0,89,1885,16,2,0,1.3125,0.375,4.04166666667,0
95,1,1478,109,0,75,36.875,27.5,74.2916666667,0
0,2,31,109,2,4,0.8125,0.3125,1.91666666667,0
101,4,2761,122,1,46,17.375,22.5625,38.1666666667,0
75,3,2574,86,2,73,36.25,24.0,63.5416666667,0
3,1,157,69,1,3,1.3125,1.0625,1.25,0
0,12,80,10,3,5,0.5,0.375,1.79166666667,0
0,59,746,6,2,2,0.375,0.0,0.395833333333,0
0,77,707,0,0,0,1.875,1.1875,5.22916666667,0
0,13,347,15,0,4,1.0,2.0625,6.22916666667,0
0,72,1390,10,4,2,0.0625,0.1875,0.5625,0
26,8,3459,99,2,107,48.25,33.5625,102.520833333,0
2,3,53,113,3,1,5.0625,7.3125,12.5416666667,0
5,10,3541,48,2,11,1.25,7.125,7.04166666667,0
0,3,28,12,4,2,0.5625,1.3125,2.52083333333,0
2,7,47,22,2,6,0.6875,0.625,4.5,0
2,1,94,73,1,1,0.5625,0.0625,0.375,0
0,99,4660,20,2,10,3.25,17.375,30.2291666667,0
2,0,104,125,0,1,0.5,1.5625,2.58333333333,0
0,1,13,124,2,2,0.75,0.9375,1.0625,0
4,94,4023,25,4,3,0.5625,12.0,17.4166666667,0
2,2,25,22,0,2,0.1875,0.3125,3.70833333333,0
7,10,5423,18,4,13,5.1875,1.6875,11.6666666667,0
0,0,26,127,3,1,0.125,0.1875,5.33333333333,0
7,103,3233,47,2,10,3.0625,0.6875,4.10416666667,0
4,84,5965,95,1,96,34.875,35.875,85.0416666667,0
1,25,522,16,0,5,4.5,1.875,10.4375,0
0,1,49,77,4,1,1.125,1.125,2.6875,0
0,0,11,14,3,1,0.25,1.0,0.0833333333333,0
0,3,17,6,2,1,0.5,0.875,3.20833333333,0
0,15,78,12,4,0,0.0625,1.0625,0.979166666667,0
1,3,375,16,1,7,6.5,0.625,13.25,0
1,85,6492,6,2,13,9.1875,22.0,3.75,0
70,14,7415,125,0,125,55.75,50.625,124.333333333,0
1,7,1,17,1,34,8.375,3.25,16.6875,0
0,0,182,21,0,5,4.375,1.6875,14.2916666667,0
1,17,115,35,2,21,5.5625,0.0,3.14583333333,0
1,120,3779,12,1,102,41.875,35.8125,78.25,0
0,2,87,79,3,1,1.0625,1.0,2.8125,0
1,0,61,145,4,0,0.1875,0.75,0.270833333333,0
125,1,3624,147,1,138,62.6875,55.25,138.666666667,0
2,26,246,25,0,0,0.625,2.625,1.25,0
2,40,461,20,2,9,1.1875,0.625,1.04166666667,0
0,0,279,19,4,4,1.125,0.125,0.8125,0
130,0,3630,147,2,65,59.25,39.25,114.958333333,0
3,5,589,30,0,12,2.125,9.75,21.625,0
0,81,4636,24,4,59,16.375,31.75,60.9166666667,0
0,46,334,16,1,1,7.5625,6.875,24.8541666667,0
0,27,296,1,0,1,6.0,1.8125,8.97916666667,0
1,1,80,80,0,2,0.6875,0.75,1.70833333333,0
0,32,229,59,3,11,4.1875,16.5625,23.7291666667,0
0,75,661,0,0,1,1.5,5.625,9.02083333333,0
0,13,90,1,0,23,24.5,10.1875,40.4375,0
1,126,4752,104,3,73,4.1875,12.0,5.1875,0
3,72,6759,151,0,105,44.875,41.8125,97.75,0
5,51,2386,79,0,69,2.625,17.5625,63.625,0
0,42,110,35,4,99,19.75,11.875,28.4375,0
0,3,154,18,0,19,24.5625,5.375,36.3125,0
34,5,9919,165,4,49,3.75,26.9375,27.25,0
1,0,157,168,0,3,0.75,1.125,2.3125,0
2,2,127,81,2,1,0.75,0.6875,2.60416666667,0
27,1,7428,170,0,1,9.1875,3.875,5.875,0
3,82,1336,47,0,135,50.1875,48.9375,142.458333333,0
2,7,196,32,0,13,4.875,0.1875,11.9791666667,0
0,8,374,18,0,19,6.75,3.75,19.8541666667,0
55,1,8432,164,2,42,40.1875,38.3125,75.1041666667,0
8,34,497,244,4,80,7.6875,23.3125,72.6875,0
65,1,474,121,4,15,3.4375,3.0625,6.47916666667,0
1,1,2125,124,0,25,0.25,18.1875,17.6041666667,0
2,6,3198,132,0,6,7.625,9.4375,14.875,0
10,4,2906,138,4,1,13.125,14.5625,40.75,0
15,3,1539,105,3,11,1.9375,5.5,3.0,0
4,5,1,72,1,9,5.4375,3.1875,15.0833333333,0
9,1,501,63,4,8,0.875,2.5625,1.04166666667,0
51,28,4902,210,0,161,27.3125,15.1875,41.1666666667,0
25,3,828,239,1,56,36.25,31.25,85.5833333333,0
3,79,3945,230,4,108,45.0625,62.4375,70.2916666667,0
101,0,2588,201,3,31,24.0,10.8125,41.9166666667,0
62,71,7392,219,0,3,2.75,4.6875,7.39583333333,0
1,22,692,129,0,38,4.4375,10.0,6.77083333333,0
3,2,215,151,2,8,12.5625,10.1875,28.75,0
105,8,2986,139,0,3,6.4375,5.9375,14.625,0
1,2,998,142,1,1,1.1875,0.4375,1.375,0
2,43,2265,124,1,7,7.6875,2.875,7.47916666667,0
1,21,139,67,0,3,0.0625,2.25,1.5625,0
58,121,4764,111,0,1,2.8125,3.25,30.7916666667,0
179,0,5058,253,0,54,17.4375,23.1875,15.6875,0
61,0,5013,214,0,200,91.4375,51.125,216.604166667,0
200,0,5360,253,0,86,46.0625,13.625,84.3333333333,0
16,58,41,201,1,69,37.5,5.0,38.4583333333,0
27,5,1348,150,2,39,28.5,6.1875,48.2708333333,0
15,3,334,212,1,3,8.6875,12.0,24.75,0
6,2,967,190,1,10,2.4375,23.375,18.2291666667,0
2,30,365,87,1,45,20.5,5.8125,34.5416666667,0
36,25,125,137,0,14,4.25,9.5,10.0208333333,0
13,3,102,82,4,14,10.625,6.5625,31.125,0
13,21,1281,165,2,11,4.25,3.1875,6.54166666667,0
11,1,1062,141,3,15,5.8125,2.0,14.1041666667,0
15,4,678,119,3,19,5.1875,6.75,16.5416666667,0
7,11,576,126,2,10,1.8125,1.125,6.9375,0
2,1,977,109,0,5,6.0,8.875,17.3125,0
6,5,366,127,0,19,3.0,7.125,16.8958333333,0
141,0,4858,253,0,41,18.125,34.625,20.8958333333,0
33,0,3886,116,0,153,77.25,14.375,168.604166667,0
218,0,6765,253,0,125,63.5,42.25,136.5625,0
23,12,930,97,1,5,0.9375,0.6875,5.89583333333,0
14,28,1439,84,0,34,10.5,10.4375,21.0416666667,0
9,81,3757,87,4,3,0.9375,0.25,2.22916666667,0
20,28,800,193,4,43,0.1875,3.0625,5.0,0
63,16,4321,212,0,144,18.8125,8.1875,33.3541666667,0
52,6,2039,130,0,35,9.4375,6.0,11.3125,0
26,1,970,128,4,1,10.625,0.0625,0.5625,0
7,10,262,151,2,1,0.125,1.375,3.10416666667,0
10,8,131,133,0,2,3.0,2.375,4.9375,0
13,3,570,137,3,37,0.6875,3.6875,5.1875,0
5,1,449,153,0,18,8.8125,5.9375,19.6458333333,0
12,0,30,133,1,16,2.75,2.5625,5.27083333333,0
12,43,1151,114,2,34,15.125,2.125,40.9166666667,0
7,3,433,139,2,10,3.0625,3.875,6.77083333333,0
2,0,1018,121,4,11,3.6875,2.25,7.875,0
1,7,1751,135,3,13,5.75,0.0,10.5208333333,0
132,0,6822,253,0,34,0.625,8.75,9.3125,0
2,7,268,122,4,2,4.375,2.625,8.02083333333,0
7,1,318,141,2,10,4.625,5.375,14.375,0
2,9,58,128,4,9,5.5625,5.75,14.4166666667,0
6,2,483,135,2,7,1.5625,0.5625,1.20833333333,0
4,1,449,140,4,5,0.5,0.75,3.54166666667,0
11,5,247,145,0,2,1.5625,0.5,1.375,0
5,26,464,50,2,48,13.1875,7.375,41.75,0
3,0,1,152,3,6,1.375,0.9375,1.20833333333,0
12,9,119,144,0,18,3.3125,2.125,9.5,0
0,1,248,124,2,38,2.125,1.125,7.64583333333,0
24,17,747,121,4,14,2.0,4.625,7.25,0
2,8,61,131,4,23,0.4375,4.1875,9.29166666667,0
6,0,40,125,4,9,5.8125,2.1875,17.0,0
5,2,319,131,2,6,1.8125,5.1875,6.41666666667,0
1,3,442,145,3,8,5.625,7.875,21.6458333333,0
7,8,179,135,4,20,2.125,0.3125,4.52083333333,0
10,0,310,154,4,2,5.25,3.625,9.20833333333,0
1,5,590,72,0,18,8.5,5.4375,19.6041666667,0
7,7,824,147,0,26,3.9375,3.4375,5.3125,0
12,13,1396,119,1,2,3.75,0.375,1.1875,0
12,7,1278,107,3,5,2.375,1.625,1.91666666667,0
9,3,1019,114,4,16,0.1875,4.625,7.64583333333,0
28,0,165,149,3,24,6.375,4.0625,3.58333333333,0
10,15,473,56,3,4,4.6875,7.5,14.0,0
2,2,108,44,0,13,2.375,2.5,11.6666666667,0
14,24,1455,59,4,36,12.1875,6.6875,35.75,0
12,9,63,70,3,15,1.1875,5.875,14.0,0
2,11,477,52,0,0,4.0625,8.3125,16.3958333333,0
1,0,120,48,4,21,6.8125,9.875,19.625,0
22,3,803,67,0,1,0.75,1.1875,0.8125,0
16,12,53,71,2,31,8.5625,4.3125,19.4583333333,0
3,8,120,90,3,6,2.6875,14.5625,23.7708333333,0
10,19,17,64,0,5,0.3125,3.0625,0.916666666667,0
6,7,230,71,0,6,12.9375,1.25,23.4375,0
9,16,520,93,4,27,7.625,2.875,4.89583333333,0
3,16,1264,96,2,32,5.25,8.8125,9.77083333333,0
5,20,55,70,0,0,8.0,6.3125,20.2083333333,0
3,10,17,71,2,8,1.0,2.625,8.04166666667,0
8,8,646,62,0,16,1.9375,4.3125,12.8125,0
6,24,2091,61,1,14,1.3125,13.1875,0.520833333333,0
8,2,1118,80,2,36,4.3125,12.875,4.75,0
14,26,1496,97,4,7,6.625,4.625,21.9375,0
0,5,98,81,0,19,11.5625,8.6875,29.7083333333,0
21,15,1774,62,0,10,0.5,8.5625,4.33333333333,0
4,22,1208,25,0,38,1.6875,14.8125,22.25,0
2,4,159,64,4,52,6.25,3.375,17.0208333333,0
7,11,499,118,1,24,17.625,27.4375,78.5208333333,0
6,20,221,130,0,2,11.6875,1.375,12.2291666667,0
4,2,399,54,2,10,0.9375,2.8125,2.0625,0
20,39,4312,67,0,1,4.0,2.1875,2.70833333333,0
31,56,2146,128,0,64,12.75,0.3125,21.3125,0
18,2,1489,95,1,10,11.25,9.125,20.9583333333,0
25,40,2611,106,0,8,7.8125,11.0625,23.0625,0
8,34,752,73,1,10,3.0,3.0625,7.0,0
4,48,790,84,0,2,3.5,0.875,5.9375,0
0,33,467,60,0,15,15.25,0.8125,12.8333333333,0
6,2,123,94,3,17,2.25,12.0,22.8541666667,0
8,14,1469,144,4,2,4.0625,2.6875,2.95833333333,0
1,5,1729,169,2,4,8.625,3.0,33.375,0
3,12,560,75,0,7,2.6875,2.0625,13.2291666667,0
20,42,2114,93,3,41,9.3125,32.375,59.5625,0
2,65,3390,75,3,1,1.9375,7.4375,5.83333333333,0
4,2,89,200,2,31,13.5625,5.125,19.75,0
11,4,728,173,0,51,13.1875,5.125,24.1666666667,0
5,8,191,180,0,7,2.875,2.375,12.4791666667,0
8,2,425,192,1,6,9.625,6.125,9.6875,0
24,3,1088,178,4,3,4.125,0.9375,2.39583333333,0
7,52,2723,182,0,19,19.8125,15.8125,50.8541666667,0
29,34,3205,175,3,30,0.8125,9.5,34.0416666667,0
0,1,450,75,4,35,21.8125,11.5625,64.1458333333,0
5,5,61,59,4,10,4.0625,6.4375,7.54166666667,0
1,26,1625,100,3,32,2.125,15.3125,27.0,0
1,43,598,10,0,0,0.0625,0.125,0.229166666667,0
1,55,792,28,1,1,24.75,43.6875,110.291666667,0
0,8,269,40,2,147,15.25,19.5,32.2916666667,0
1,26,66,20,2,2,12.25,4.875,2.16666666667,0
3,17,605,22,4,1,0.25,0.125,0.541666666667,0
37,3,1988,141,2,127,62.125,65.4375,185.229166667,0
77,123,1504,188,4,117,54.25,42.625,106.583333333,0
2,0,597,253,0,0,0.0,0.0,0.0,0
66,0,678,253,0,0,0.0,0.0,0.0,0
1,5,195,50,2,3,3.875,5.25,17.6458333333,0
5,0,920,253,0,69,33.125,29.5625,63.9791666667,0
6,49,233,135,2,18,13.5625,2.0,35.6458333333,0
51,11,2835,146,4,65,22.875,2.5,45.7291666667,0
1,17,1272,110,3,59,17.1875,4.8125,31.0625,0
2,12,669,43,0,8,0.125,15.5625,20.1041666667,0
14,7,827,79,0,4,3.6875,1.0,1.85416666667,0
0,0,0,13,0,15,11.125,17.375,52.8333333333,0
1,183,6526,73,4,2,14.375,1.6875,6.75,0
7,4,2679,121,2,10,8.4375,8.9375,42.0416666667,0
47,73,8513,142,2,83,10.875,21.0625,52.3333333333,0
6,7,446,55,4,1,2.5625,3.0625,10.6041666667,0
0,9,39,91,4,62,46.6875,62.25,139.5625,0
0,95,4915,206,0,115,65.5,46.625,128.520833333,0
28,13,4153,241,2,54,29.3125,19.25,46.9375,0
150,0,4320,247,4,58,8.5625,26.75,4.54166666667,0
2,0,115,153,1,37,9.75,18.5625,41.2083333333,0
1,0,462,91,4,97,33.25,0.25,12.6875,0
35,11,458,218,2,38,16.1875,10.125,40.5,0
69,43,1545,140,0,6,8.375,10.875,6.41666666667,0
161,0,7067,253,0,141,65.0625,24.5,114.958333333,0
28,59,4456,93,0,161,56.8125,64.9375,128.916666667,0
3,1,241,43,2,12,3.25,0.6875,7.375,0
1,6,126,104,3,1,1.625,0.1875,9.89583333333,0
0,5,84,161,1,2,0.625,0.25,2.5,0
14,12,6273,140,4,94,43.5625,34.875,76.2708333333,0
0,4,8,152,0,83,31.625,23.25,84.4375,0
1,68,248,61,3,37,11.5,1.1875,6.66666666667,0
0,120,6400,21,4,73,43.1875,18.125,60.2083333333,0
215,0,3170,253,0,50,23.4375,45.9375,40.3125,0
49,0,6903,173,0,153,97.625,27.8125,242.0,0
95,0,1313,253,0,184,87.3125,57.8125,220.916666667,0
2,21,1427,100,0,17,8.5,31.25,93.5416666667,0
